user_id,timestamp,channel,campaign,conversion,revenue
user_0,2023-02-21 07:00:00,Direct,Fall_Discount,0,0.0
user_0,2023-02-22 22:00:00,Social,Fall_Discount,0,0.0
user_0,2023-02-23 07:00:00,Direct,Winter_Special,0,0.0
user_0,2023-02-24 23:00:00,Direct,Summer_Promo,0,0.0
user_0,2023-02-25 20:00:00,Social,Winter_Special,0,0.0
user_0,2023-02-26 11:00:00,Social,Always_On,1,128.72
user_1,2023-02-13 02:00:00,Display,Spring_Sale,0,0.0
user_1,2023-02-14 06:00:00,Direct,Spring_Sale,1,191.33
user_10,2023-01-18 17:00:00,Search,Fall_Discount,0,0.0
user_10,2023-01-19 06:00:00,Social,Fall_Discount,0,0.0
user_10,2023-01-20 19:00:00,Social,Spring_Sale,0,0.0
user_10,2023-01-21 15:00:00,Social,Spring_Sale,0,0.0
user_10,2023-01-22 22:00:00,Direct,Always_On,0,0.0
user_10,2023-01-23 15:00:00,Email,Fall_Discount,0,0.0
user_10,2023-01-24 23:00:00,Display,Spring_Sale,0,0.0
user_100,2023-01-22 01:00:00,Social,Winter_Special,0,0.0
user_100,2023-01-23 22:00:00,Email,Summer_Promo,0,0.0
user_100,2023-01-24 03:00:00,Display,Summer_Promo,0,0.0
user_101,2023-02-24 22:00:00,Social,Spring_Sale,0,0.0
user_101,2023-02-25 07:00:00,Search,Winter_Special,0,0.0
user_101,2023-02-26 18:00:00,Direct,Winter_Special,0,0.0
user_101,2023-02-27 07:00:00,Direct,Winter_Special,0,0.0
user_101,2023-02-28 20:00:00,Search,Spring_Sale,0,0.0
user_101,2023-03-01 20:00:00,Social,Spring_Sale,0,0.0
user_101,2023-03-02 13:00:00,Display,Summer_Promo,0,0.0
user_101,2023-03-03 01:00:00,Social,Always_On,0,0.0
user_101,2023-03-04 08:00:00,Social,Fall_Discount,0,0.0
user_102,2023-02-21 17:00:00,Social,Winter_Special,0,0.0
user_102,2023-02-22 14:00:00,Email,Fall_Discount,0,0.0
user_102,2023-02-23 09:00:00,Direct,Winter_Special,0,0.0
user_103,2023-02-11 02:00:00,Social,Always_On,0,0.0
user_104,2023-01-03 14:00:00,Display,Spring_Sale,0,0.0
user_104,2023-01-04 01:00:00,Social,Fall_Discount,0,0.0
user_104,2023-01-05 09:00:00,Display,Summer_Promo,0,0.0
user_104,2023-01-06 21:00:00,Search,Always_On,0,0.0
user_104,2023-01-07 19:00:00,Search,Always_On,0,0.0
user_104,2023-01-08 12:00:00,Search,Spring_Sale,0,0.0
user_105,2023-01-21 14:00:00,Social,Winter_Special,0,0.0
user_105,2023-01-22 12:00:00,Display,Winter_Special,0,0.0
user_105,2023-01-23 05:00:00,Display,Summer_Promo,1,52.65
user_106,2023-03-01 04:00:00,Email,Fall_Discount,0,0.0
user_106,2023-03-02 01:00:00,Social,Spring_Sale,0,0.0
user_107,2023-01-31 08:00:00,Search,Fall_Discount,0,0.0
user_107,2023-02-01 13:00:00,Search,Winter_Special,0,0.0
user_108,2023-01-04 04:00:00,Display,Spring_Sale,0,0.0
user_109,2023-01-29 05:00:00,Display,Winter_Special,0,0.0
user_109,2023-01-30 02:00:00,Direct,Winter_Special,0,0.0
user_109,2023-01-31 21:00:00,Display,Always_On,0,0.0
user_109,2023-02-01 20:00:00,Social,Fall_Discount,1,88.97
user_11,2023-01-08 02:00:00,Display,Winter_Special,0,0.0
user_110,2023-02-27 12:00:00,Direct,Spring_Sale,1,86.18
user_111,2023-02-22 12:00:00,Social,Always_On,0,0.0
user_111,2023-02-23 16:00:00,Search,Fall_Discount,0,0.0
user_111,2023-02-24 22:00:00,Direct,Winter_Special,0,0.0
user_111,2023-02-25 19:00:00,Display,Summer_Promo,0,0.0
user_111,2023-02-26 08:00:00,Social,Fall_Discount,0,0.0
user_112,2023-02-11 12:00:00,Direct,Summer_Promo,0,0.0
user_112,2023-02-12 08:00:00,Search,Spring_Sale,0,0.0
user_112,2023-02-13 00:00:00,Display,Always_On,0,0.0
user_112,2023-02-14 07:00:00,Social,Winter_Special,0,0.0
user_112,2023-02-15 07:00:00,Email,Summer_Promo,0,0.0
user_112,2023-02-16 22:00:00,Search,Spring_Sale,0,0.0
user_113,2023-01-05 22:00:00,Display,Spring_Sale,0,0.0
user_113,2023-01-06 22:00:00,Direct,Spring_Sale,0,0.0
user_113,2023-01-07 23:00:00,Direct,Fall_Discount,0,0.0
user_114,2023-01-05 07:00:00,Display,Always_On,0,0.0
user_115,2023-01-11 06:00:00,Display,Fall_Discount,0,0.0
user_115,2023-01-12 04:00:00,Email,Fall_Discount,0,0.0
user_115,2023-01-13 16:00:00,Social,Winter_Special,0,0.0
user_115,2023-01-14 01:00:00,Search,Spring_Sale,0,0.0
user_116,2023-02-18 13:00:00,Display,Winter_Special,0,0.0
user_116,2023-02-19 22:00:00,Search,Summer_Promo,1,195.27
user_117,2023-02-05 07:00:00,Display,Fall_Discount,0,0.0
user_117,2023-02-06 15:00:00,Direct,Always_On,0,0.0
user_117,2023-02-07 10:00:00,Display,Summer_Promo,0,0.0
user_117,2023-02-08 22:00:00,Search,Summer_Promo,0,0.0
user_117,2023-02-09 17:00:00,Email,Winter_Special,0,0.0
user_118,2023-01-21 13:00:00,Display,Fall_Discount,0,0.0
user_118,2023-01-22 22:00:00,Direct,Fall_Discount,0,0.0
user_118,2023-01-23 14:00:00,Display,Spring_Sale,0,0.0
user_118,2023-01-24 07:00:00,Direct,Always_On,0,0.0
user_119,2023-01-23 21:00:00,Display,Fall_Discount,0,0.0
user_119,2023-01-24 12:00:00,Search,Winter_Special,0,0.0
user_119,2023-01-25 14:00:00,Direct,Always_On,0,0.0
user_119,2023-01-26 22:00:00,Social,Fall_Discount,0,0.0
user_119,2023-01-27 04:00:00,Direct,Fall_Discount,0,0.0
user_119,2023-01-28 22:00:00,Email,Fall_Discount,0,0.0
user_119,2023-01-29 04:00:00,Display,Spring_Sale,0,0.0
user_12,2023-02-04 17:00:00,Search,Always_On,0,0.0
user_12,2023-02-05 21:00:00,Social,Summer_Promo,0,0.0
user_12,2023-02-06 03:00:00,Direct,Spring_Sale,0,0.0
user_12,2023-02-07 15:00:00,Search,Always_On,0,0.0
user_12,2023-02-08 00:00:00,Email,Spring_Sale,0,0.0
user_12,2023-02-09 21:00:00,Email,Fall_Discount,0,0.0
user_12,2023-02-10 21:00:00,Direct,Fall_Discount,0,0.0
user_12,2023-02-11 20:00:00,Email,Summer_Promo,0,0.0
user_12,2023-02-12 04:00:00,Display,Spring_Sale,0,0.0
user_120,2023-01-01 02:00:00,Display,Always_On,0,0.0
user_120,2023-01-02 01:00:00,Email,Summer_Promo,0,0.0
user_120,2023-01-03 13:00:00,Social,Always_On,0,0.0
user_120,2023-01-04 08:00:00,Email,Summer_Promo,0,0.0
user_120,2023-01-05 03:00:00,Search,Winter_Special,1,164.15
user_121,2023-01-12 01:00:00,Search,Spring_Sale,0,0.0
user_121,2023-01-13 15:00:00,Display,Fall_Discount,0,0.0
user_121,2023-01-14 03:00:00,Email,Always_On,0,0.0
user_121,2023-01-15 09:00:00,Display,Winter_Special,0,0.0
user_121,2023-01-16 04:00:00,Email,Summer_Promo,0,0.0
user_121,2023-01-17 05:00:00,Direct,Summer_Promo,0,0.0
user_122,2023-02-14 22:00:00,Display,Spring_Sale,0,0.0
user_122,2023-02-15 23:00:00,Direct,Fall_Discount,0,0.0
user_122,2023-02-16 03:00:00,Social,Winter_Special,0,0.0
user_122,2023-02-17 18:00:00,Social,Summer_Promo,0,0.0
user_122,2023-02-18 16:00:00,Display,Fall_Discount,0,0.0
user_122,2023-02-19 11:00:00,Email,Always_On,0,0.0
user_122,2023-02-20 18:00:00,Direct,Winter_Special,0,0.0
user_122,2023-02-21 22:00:00,Display,Spring_Sale,0,0.0
user_122,2023-02-22 14:00:00,Display,Spring_Sale,0,0.0
user_123,2023-02-14 05:00:00,Search,Spring_Sale,0,0.0
user_123,2023-02-15 10:00:00,Email,Winter_Special,0,0.0
user_123,2023-02-16 19:00:00,Social,Always_On,0,0.0
user_123,2023-02-17 12:00:00,Social,Fall_Discount,0,0.0
user_123,2023-02-18 12:00:00,Direct,Spring_Sale,0,0.0
user_123,2023-02-19 02:00:00,Email,Summer_Promo,0,0.0
user_124,2023-01-05 19:00:00,Direct,Always_On,0,0.0
user_124,2023-01-06 03:00:00,Social,Always_On,0,0.0
user_124,2023-01-07 02:00:00,Display,Summer_Promo,0,0.0
user_125,2023-02-05 11:00:00,Search,Winter_Special,0,0.0
user_125,2023-02-06 03:00:00,Display,Spring_Sale,0,0.0
user_125,2023-02-07 21:00:00,Display,Summer_Promo,0,0.0
user_125,2023-02-08 13:00:00,Email,Winter_Special,0,0.0
user_125,2023-02-09 12:00:00,Social,Spring_Sale,0,0.0
user_125,2023-02-10 03:00:00,Search,Always_On,1,59.4
user_126,2023-01-21 00:00:00,Display,Summer_Promo,0,0.0
user_126,2023-01-22 19:00:00,Social,Fall_Discount,0,0.0
user_126,2023-01-23 11:00:00,Direct,Summer_Promo,0,0.0
user_126,2023-01-24 20:00:00,Search,Always_On,0,0.0
user_126,2023-01-25 04:00:00,Email,Summer_Promo,0,0.0
user_126,2023-01-26 20:00:00,Email,Fall_Discount,0,0.0
user_126,2023-01-27 08:00:00,Search,Always_On,1,158.0
user_127,2023-01-07 23:00:00,Search,Spring_Sale,0,0.0
user_127,2023-01-08 10:00:00,Social,Winter_Special,0,0.0
user_127,2023-01-09 01:00:00,Search,Spring_Sale,0,0.0
user_127,2023-01-10 09:00:00,Social,Spring_Sale,0,0.0
user_127,2023-01-11 01:00:00,Social,Spring_Sale,0,0.0
user_127,2023-01-12 06:00:00,Email,Always_On,0,0.0
user_127,2023-01-13 09:00:00,Display,Fall_Discount,0,0.0
user_127,2023-01-14 06:00:00,Email,Spring_Sale,0,0.0
user_127,2023-01-15 13:00:00,Social,Winter_Special,0,0.0
user_128,2023-02-09 13:00:00,Direct,Winter_Special,0,0.0
user_128,2023-02-10 16:00:00,Search,Summer_Promo,1,59.78
user_129,2023-01-08 09:00:00,Display,Spring_Sale,0,0.0
user_129,2023-01-09 17:00:00,Display,Spring_Sale,0,0.0
user_129,2023-01-10 10:00:00,Direct,Fall_Discount,0,0.0
user_13,2023-01-04 16:00:00,Email,Spring_Sale,0,0.0
user_13,2023-01-05 05:00:00,Direct,Always_On,0,0.0
user_13,2023-01-06 23:00:00,Search,Always_On,0,0.0
user_130,2023-01-24 08:00:00,Display,Winter_Special,0,0.0
user_130,2023-01-25 14:00:00,Direct,Spring_Sale,0,0.0
user_130,2023-01-26 19:00:00,Social,Summer_Promo,0,0.0
user_130,2023-01-27 12:00:00,Social,Fall_Discount,0,0.0
user_130,2023-01-28 07:00:00,Social,Fall_Discount,0,0.0
user_130,2023-01-29 22:00:00,Display,Spring_Sale,0,0.0
user_130,2023-01-30 15:00:00,Direct,Winter_Special,0,0.0
user_130,2023-01-31 08:00:00,Display,Fall_Discount,0,0.0
user_131,2023-01-16 22:00:00,Search,Always_On,0,0.0
user_131,2023-01-17 03:00:00,Direct,Summer_Promo,0,0.0
user_131,2023-01-18 22:00:00,Social,Fall_Discount,0,0.0
user_131,2023-01-19 02:00:00,Direct,Spring_Sale,0,0.0
user_131,2023-01-20 01:00:00,Search,Winter_Special,0,0.0
user_131,2023-01-21 08:00:00,Direct,Fall_Discount,0,0.0
user_131,2023-01-22 11:00:00,Social,Fall_Discount,0,0.0
user_132,2023-02-16 08:00:00,Display,Winter_Special,0,0.0
user_132,2023-02-17 11:00:00,Social,Fall_Discount,0,0.0
user_133,2023-01-28 20:00:00,Social,Spring_Sale,0,0.0
user_133,2023-01-29 18:00:00,Social,Spring_Sale,0,0.0
user_133,2023-01-30 22:00:00,Social,Fall_Discount,0,0.0
user_133,2023-01-31 11:00:00,Search,Always_On,0,0.0
user_133,2023-02-01 00:00:00,Email,Fall_Discount,0,0.0
user_134,2023-01-02 14:00:00,Email,Winter_Special,0,0.0
user_134,2023-01-03 00:00:00,Search,Winter_Special,0,0.0
user_135,2023-01-03 14:00:00,Display,Summer_Promo,0,0.0
user_135,2023-01-04 20:00:00,Direct,Fall_Discount,0,0.0
user_135,2023-01-05 11:00:00,Display,Winter_Special,0,0.0
user_135,2023-01-06 12:00:00,Search,Fall_Discount,0,0.0
user_135,2023-01-07 05:00:00,Email,Spring_Sale,0,0.0
user_135,2023-01-08 01:00:00,Email,Fall_Discount,0,0.0
user_135,2023-01-09 07:00:00,Display,Always_On,0,0.0
user_136,2023-01-30 16:00:00,Email,Winter_Special,1,160.99
user_137,2023-01-23 13:00:00,Search,Fall_Discount,0,0.0
user_137,2023-01-24 08:00:00,Social,Fall_Discount,0,0.0
user_137,2023-01-25 22:00:00,Direct,Spring_Sale,0,0.0
user_137,2023-01-26 13:00:00,Email,Winter_Special,0,0.0
user_137,2023-01-27 03:00:00,Direct,Always_On,0,0.0
user_137,2023-01-28 23:00:00,Search,Spring_Sale,0,0.0
user_138,2023-02-04 13:00:00,Search,Fall_Discount,0,0.0
user_138,2023-02-05 03:00:00,Display,Fall_Discount,0,0.0
user_138,2023-02-06 13:00:00,Social,Spring_Sale,0,0.0
user_138,2023-02-07 15:00:00,Direct,Spring_Sale,1,137.42
user_139,2023-01-21 15:00:00,Direct,Always_On,0,0.0
user_139,2023-01-22 00:00:00,Email,Winter_Special,0,0.0
user_14,2023-01-31 00:00:00,Email,Winter_Special,1,95.85
user_140,2023-01-09 16:00:00,Display,Fall_Discount,0,0.0
user_140,2023-01-10 22:00:00,Search,Always_On,0,0.0
user_140,2023-01-11 13:00:00,Display,Winter_Special,0,0.0
user_140,2023-01-12 19:00:00,Search,Fall_Discount,0,0.0
user_140,2023-01-13 05:00:00,Direct,Fall_Discount,0,0.0
user_140,2023-01-14 03:00:00,Direct,Fall_Discount,0,0.0
user_140,2023-01-15 03:00:00,Display,Winter_Special,0,0.0
user_140,2023-01-16 21:00:00,Direct,Fall_Discount,0,0.0
user_140,2023-01-17 22:00:00,Social,Fall_Discount,0,0.0
user_141,2023-01-23 16:00:00,Search,Summer_Promo,1,140.61
user_142,2023-01-19 00:00:00,Display,Summer_Promo,0,0.0
user_142,2023-01-20 02:00:00,Direct,Spring_Sale,0,0.0
user_142,2023-01-21 19:00:00,Email,Always_On,0,0.0
user_142,2023-01-22 05:00:00,Direct,Always_On,0,0.0
user_142,2023-01-23 19:00:00,Search,Fall_Discount,0,0.0
user_142,2023-01-24 20:00:00,Social,Always_On,0,0.0
user_142,2023-01-25 21:00:00,Social,Fall_Discount,0,0.0
user_142,2023-01-26 16:00:00,Search,Always_On,0,0.0
user_143,2023-01-21 06:00:00,Email,Fall_Discount,0,0.0
user_143,2023-01-22 13:00:00,Direct,Fall_Discount,0,0.0
user_143,2023-01-23 00:00:00,Direct,Always_On,0,0.0
user_143,2023-01-24 07:00:00,Email,Winter_Special,0,0.0
user_143,2023-01-25 11:00:00,Direct,Always_On,0,0.0
user_143,2023-01-26 06:00:00,Search,Always_On,0,0.0
user_143,2023-01-27 13:00:00,Direct,Spring_Sale,0,0.0
user_143,2023-01-28 14:00:00,Direct,Spring_Sale,0,0.0
user_144,2023-01-02 03:00:00,Display,Spring_Sale,0,0.0
user_144,2023-01-03 07:00:00,Email,Winter_Special,0,0.0
user_145,2023-01-12 14:00:00,Social,Fall_Discount,0,0.0
user_146,2023-01-29 01:00:00,Search,Summer_Promo,0,0.0
user_146,2023-01-30 13:00:00,Direct,Summer_Promo,0,0.0
user_147,2023-01-09 02:00:00,Search,Winter_Special,0,0.0
user_147,2023-01-10 01:00:00,Email,Always_On,0,0.0
user_147,2023-01-11 16:00:00,Email,Summer_Promo,0,0.0
user_147,2023-01-12 10:00:00,Display,Fall_Discount,0,0.0
user_147,2023-01-13 04:00:00,Direct,Summer_Promo,0,0.0
user_147,2023-01-14 22:00:00,Search,Spring_Sale,0,0.0
user_148,2023-01-28 17:00:00,Direct,Fall_Discount,0,0.0
user_148,2023-01-29 20:00:00,Direct,Spring_Sale,0,0.0
user_148,2023-01-30 01:00:00,Display,Winter_Special,0,0.0
user_148,2023-01-31 11:00:00,Email,Winter_Special,0,0.0
user_148,2023-02-01 21:00:00,Email,Summer_Promo,0,0.0
user_148,2023-02-02 23:00:00,Search,Summer_Promo,0,0.0
user_149,2023-01-04 00:00:00,Direct,Spring_Sale,0,0.0
user_149,2023-01-05 09:00:00,Email,Always_On,0,0.0
user_149,2023-01-06 10:00:00,Display,Fall_Discount,0,0.0
user_149,2023-01-07 16:00:00,Email,Fall_Discount,1,177.07
user_15,2023-02-02 09:00:00,Email,Summer_Promo,0,0.0
user_15,2023-02-03 07:00:00,Social,Fall_Discount,0,0.0
user_15,2023-02-04 09:00:00,Social,Summer_Promo,0,0.0
user_15,2023-02-05 08:00:00,Search,Spring_Sale,0,0.0
user_15,2023-02-06 22:00:00,Direct,Summer_Promo,0,0.0
user_15,2023-02-07 23:00:00,Social,Spring_Sale,0,0.0
user_15,2023-02-08 03:00:00,Social,Spring_Sale,0,0.0
user_150,2023-02-03 05:00:00,Display,Winter_Special,0,0.0
user_150,2023-02-04 12:00:00,Display,Spring_Sale,0,0.0
user_150,2023-02-05 10:00:00,Email,Fall_Discount,0,0.0
user_150,2023-02-06 13:00:00,Social,Fall_Discount,0,0.0
user_150,2023-02-07 18:00:00,Email,Summer_Promo,1,163.43
user_151,2023-01-30 04:00:00,Social,Always_On,0,0.0
user_151,2023-01-31 22:00:00,Direct,Fall_Discount,0,0.0
user_151,2023-02-01 08:00:00,Social,Winter_Special,0,0.0
user_151,2023-02-02 14:00:00,Direct,Fall_Discount,0,0.0
user_151,2023-02-03 15:00:00,Search,Always_On,0,0.0
user_152,2023-02-06 12:00:00,Search,Spring_Sale,0,0.0
user_152,2023-02-07 22:00:00,Direct,Fall_Discount,0,0.0
user_152,2023-02-08 12:00:00,Social,Summer_Promo,0,0.0
user_152,2023-02-09 13:00:00,Search,Always_On,0,0.0
user_152,2023-02-10 10:00:00,Direct,Winter_Special,0,0.0
user_153,2023-01-01 02:00:00,Display,Always_On,0,0.0
user_153,2023-01-02 03:00:00,Social,Fall_Discount,0,0.0
user_153,2023-01-03 17:00:00,Search,Fall_Discount,0,0.0
user_154,2023-01-24 04:00:00,Social,Fall_Discount,0,0.0
user_154,2023-01-25 16:00:00,Display,Always_On,0,0.0
user_154,2023-01-26 20:00:00,Email,Fall_Discount,0,0.0
user_154,2023-01-27 21:00:00,Direct,Winter_Special,0,0.0
user_154,2023-01-28 04:00:00,Email,Winter_Special,0,0.0
user_154,2023-01-29 13:00:00,Display,Spring_Sale,0,0.0
user_154,2023-01-30 18:00:00,Search,Fall_Discount,0,0.0
user_154,2023-01-31 19:00:00,Display,Winter_Special,0,0.0
user_154,2023-02-01 05:00:00,Social,Winter_Special,0,0.0
user_155,2023-01-23 18:00:00,Email,Fall_Discount,0,0.0
user_155,2023-01-24 13:00:00,Email,Always_On,0,0.0
user_155,2023-01-25 14:00:00,Display,Fall_Discount,0,0.0
user_155,2023-01-26 02:00:00,Display,Always_On,0,0.0
user_155,2023-01-27 12:00:00,Search,Winter_Special,0,0.0
user_155,2023-01-28 07:00:00,Search,Spring_Sale,1,182.52
user_156,2023-01-13 21:00:00,Direct,Summer_Promo,0,0.0
user_156,2023-01-14 21:00:00,Email,Fall_Discount,0,0.0
user_156,2023-01-15 01:00:00,Direct,Winter_Special,0,0.0
user_156,2023-01-16 14:00:00,Email,Spring_Sale,0,0.0
user_156,2023-01-17 16:00:00,Social,Summer_Promo,0,0.0
user_157,2023-01-03 04:00:00,Search,Winter_Special,0,0.0
user_157,2023-01-04 07:00:00,Direct,Always_On,0,0.0
user_157,2023-01-05 00:00:00,Display,Spring_Sale,0,0.0
user_157,2023-01-06 01:00:00,Social,Spring_Sale,0,0.0
user_157,2023-01-07 02:00:00,Display,Fall_Discount,0,0.0
user_157,2023-01-08 12:00:00,Display,Always_On,0,0.0
user_157,2023-01-09 18:00:00,Direct,Always_On,0,0.0
user_158,2023-02-09 09:00:00,Search,Summer_Promo,0,0.0
user_158,2023-02-10 01:00:00,Display,Summer_Promo,0,0.0
user_159,2023-02-16 06:00:00,Display,Summer_Promo,0,0.0
user_159,2023-02-17 06:00:00,Email,Always_On,0,0.0
user_159,2023-02-18 08:00:00,Search,Spring_Sale,0,0.0
user_159,2023-02-19 18:00:00,Direct,Always_On,0,0.0
user_159,2023-02-20 21:00:00,Search,Spring_Sale,0,0.0
user_159,2023-02-21 03:00:00,Social,Summer_Promo,0,0.0
user_159,2023-02-22 17:00:00,Display,Winter_Special,0,0.0
user_159,2023-02-23 20:00:00,Display,Winter_Special,0,0.0
user_16,2023-01-08 22:00:00,Display,Fall_Discount,0,0.0
user_160,2023-01-30 22:00:00,Display,Always_On,0,0.0
user_160,2023-01-31 17:00:00,Display,Summer_Promo,0,0.0
user_160,2023-02-01 11:00:00,Email,Spring_Sale,0,0.0
user_160,2023-02-02 17:00:00,Search,Spring_Sale,0,0.0
user_160,2023-02-03 07:00:00,Search,Summer_Promo,1,87.02
user_161,2023-01-29 00:00:00,Display,Fall_Discount,0,0.0
user_161,2023-01-30 01:00:00,Search,Fall_Discount,0,0.0
user_161,2023-01-31 14:00:00,Display,Summer_Promo,0,0.0
user_161,2023-02-01 05:00:00,Email,Spring_Sale,0,0.0
user_161,2023-02-02 04:00:00,Display,Fall_Discount,0,0.0
user_161,2023-02-03 00:00:00,Social,Always_On,0,0.0
user_161,2023-02-04 14:00:00,Search,Summer_Promo,0,0.0
user_161,2023-02-05 12:00:00,Direct,Fall_Discount,0,0.0
user_161,2023-02-06 16:00:00,Display,Fall_Discount,0,0.0
user_162,2023-01-30 19:00:00,Search,Always_On,0,0.0
user_162,2023-01-31 09:00:00,Display,Always_On,0,0.0
user_162,2023-02-01 02:00:00,Display,Spring_Sale,0,0.0
user_162,2023-02-02 11:00:00,Social,Fall_Discount,1,178.84
user_163,2023-02-06 01:00:00,Direct,Winter_Special,0,0.0
user_163,2023-02-07 21:00:00,Search,Fall_Discount,0,0.0
user_164,2023-02-05 12:00:00,Direct,Always_On,0,0.0
user_165,2023-01-08 02:00:00,Display,Summer_Promo,0,0.0
user_165,2023-01-09 20:00:00,Display,Winter_Special,0,0.0
user_165,2023-01-10 20:00:00,Search,Winter_Special,0,0.0
user_165,2023-01-11 16:00:00,Email,Always_On,0,0.0
user_165,2023-01-12 11:00:00,Social,Always_On,0,0.0
user_165,2023-01-13 04:00:00,Social,Always_On,0,0.0
user_165,2023-01-14 03:00:00,Social,Spring_Sale,0,0.0
user_165,2023-01-15 02:00:00,Email,Spring_Sale,0,0.0
user_166,2023-01-12 10:00:00,Display,Always_On,0,0.0
user_167,2023-01-01 15:00:00,Display,Winter_Special,0,0.0
user_167,2023-01-02 11:00:00,Display,Summer_Promo,0,0.0
user_167,2023-01-03 14:00:00,Direct,Summer_Promo,0,0.0
user_167,2023-01-04 05:00:00,Social,Always_On,0,0.0
user_167,2023-01-05 00:00:00,Direct,Spring_Sale,0,0.0
user_167,2023-01-06 11:00:00,Display,Spring_Sale,1,94.97
user_168,2023-01-13 08:00:00,Display,Fall_Discount,0,0.0
user_168,2023-01-14 23:00:00,Search,Spring_Sale,0,0.0
user_168,2023-01-15 07:00:00,Email,Winter_Special,1,84.24
user_169,2023-02-03 14:00:00,Display,Always_On,0,0.0
user_169,2023-02-04 03:00:00,Display,Summer_Promo,0,0.0
user_17,2023-01-02 21:00:00,Email,Spring_Sale,0,0.0
user_17,2023-01-03 09:00:00,Search,Winter_Special,0,0.0
user_170,2023-02-24 17:00:00,Direct,Winter_Special,0,0.0
user_170,2023-02-25 16:00:00,Display,Spring_Sale,0,0.0
user_170,2023-02-26 09:00:00,Display,Summer_Promo,0,0.0
user_170,2023-02-27 12:00:00,Email,Fall_Discount,0,0.0
user_170,2023-02-28 10:00:00,Display,Winter_Special,0,0.0
user_170,2023-03-01 05:00:00,Search,Winter_Special,0,0.0
user_170,2023-03-02 14:00:00,Display,Spring_Sale,0,0.0
user_170,2023-03-03 16:00:00,Social,Summer_Promo,0,0.0
user_170,2023-03-04 08:00:00,Display,Winter_Special,0,0.0
user_171,2023-02-02 01:00:00,Social,Fall_Discount,0,0.0
user_171,2023-02-03 20:00:00,Direct,Summer_Promo,0,0.0
user_171,2023-02-04 13:00:00,Social,Summer_Promo,0,0.0
user_171,2023-02-05 07:00:00,Email,Always_On,0,0.0
user_171,2023-02-06 00:00:00,Email,Winter_Special,0,0.0
user_171,2023-02-07 17:00:00,Email,Always_On,0,0.0
user_172,2023-02-10 15:00:00,Display,Fall_Discount,0,0.0
user_172,2023-02-11 11:00:00,Email,Summer_Promo,0,0.0
user_172,2023-02-12 18:00:00,Search,Summer_Promo,0,0.0
user_172,2023-02-13 05:00:00,Social,Summer_Promo,0,0.0
user_172,2023-02-14 01:00:00,Email,Always_On,0,0.0
user_172,2023-02-15 15:00:00,Email,Always_On,0,0.0
user_173,2023-01-08 07:00:00,Direct,Summer_Promo,0,0.0
user_173,2023-01-09 10:00:00,Display,Spring_Sale,0,0.0
user_173,2023-01-10 23:00:00,Email,Winter_Special,0,0.0
user_173,2023-01-11 08:00:00,Direct,Winter_Special,0,0.0
user_173,2023-01-12 09:00:00,Display,Always_On,0,0.0
user_173,2023-01-13 07:00:00,Direct,Summer_Promo,0,0.0
user_173,2023-01-14 02:00:00,Email,Always_On,0,0.0
user_174,2023-01-09 18:00:00,Email,Summer_Promo,0,0.0
user_174,2023-01-10 06:00:00,Search,Always_On,0,0.0
user_174,2023-01-11 20:00:00,Display,Winter_Special,0,0.0
user_174,2023-01-12 06:00:00,Email,Spring_Sale,0,0.0
user_175,2023-01-18 19:00:00,Direct,Winter_Special,0,0.0
user_176,2023-01-04 00:00:00,Search,Summer_Promo,0,0.0
user_176,2023-01-05 19:00:00,Direct,Winter_Special,1,175.97
user_177,2023-02-10 00:00:00,Direct,Summer_Promo,0,0.0
user_177,2023-02-11 08:00:00,Social,Always_On,0,0.0
user_177,2023-02-12 23:00:00,Direct,Fall_Discount,0,0.0
user_177,2023-02-13 18:00:00,Email,Winter_Special,0,0.0
user_177,2023-02-14 07:00:00,Display,Summer_Promo,0,0.0
user_177,2023-02-15 19:00:00,Display,Summer_Promo,0,0.0
user_177,2023-02-16 07:00:00,Display,Always_On,0,0.0
user_177,2023-02-17 13:00:00,Email,Winter_Special,1,60.35
user_178,2023-02-06 14:00:00,Search,Fall_Discount,0,0.0
user_178,2023-02-07 01:00:00,Direct,Winter_Special,0,0.0
user_178,2023-02-08 02:00:00,Social,Winter_Special,0,0.0
user_179,2023-01-23 22:00:00,Direct,Winter_Special,0,0.0
user_18,2023-02-12 00:00:00,Display,Always_On,0,0.0
user_18,2023-02-13 11:00:00,Display,Winter_Special,0,0.0
user_18,2023-02-14 19:00:00,Display,Always_On,0,0.0
user_18,2023-02-15 15:00:00,Email,Winter_Special,0,0.0
user_18,2023-02-16 18:00:00,Display,Summer_Promo,0,0.0
user_18,2023-02-17 22:00:00,Email,Winter_Special,0,0.0
user_180,2023-02-10 21:00:00,Search,Always_On,0,0.0
user_180,2023-02-11 07:00:00,Search,Summer_Promo,0,0.0
user_180,2023-02-12 19:00:00,Direct,Always_On,0,0.0
user_180,2023-02-13 11:00:00,Email,Winter_Special,0,0.0
user_180,2023-02-14 04:00:00,Display,Spring_Sale,0,0.0
user_181,2023-01-30 15:00:00,Direct,Spring_Sale,0,0.0
user_181,2023-01-31 14:00:00,Search,Fall_Discount,0,0.0
user_182,2023-01-16 07:00:00,Direct,Always_On,0,0.0
user_182,2023-01-17 09:00:00,Email,Summer_Promo,1,90.35
user_183,2023-01-17 21:00:00,Email,Summer_Promo,0,0.0
user_183,2023-01-18 14:00:00,Display,Winter_Special,0,0.0
user_183,2023-01-19 05:00:00,Direct,Always_On,0,0.0
user_183,2023-01-20 03:00:00,Search,Fall_Discount,0,0.0
user_183,2023-01-21 05:00:00,Social,Fall_Discount,0,0.0
user_183,2023-01-22 16:00:00,Social,Always_On,0,0.0
user_183,2023-01-23 08:00:00,Search,Always_On,0,0.0
user_183,2023-01-24 20:00:00,Display,Winter_Special,0,0.0
user_183,2023-01-25 15:00:00,Search,Winter_Special,0,0.0
user_184,2023-01-01 14:00:00,Search,Fall_Discount,0,0.0
user_184,2023-01-02 16:00:00,Display,Summer_Promo,0,0.0
user_184,2023-01-03 07:00:00,Display,Fall_Discount,0,0.0
user_184,2023-01-04 22:00:00,Search,Summer_Promo,0,0.0
user_184,2023-01-05 18:00:00,Email,Always_On,0,0.0
user_184,2023-01-06 07:00:00,Search,Spring_Sale,1,125.72
user_185,2023-02-09 18:00:00,Direct,Fall_Discount,0,0.0
user_185,2023-02-10 09:00:00,Email,Fall_Discount,0,0.0
user_185,2023-02-11 22:00:00,Display,Winter_Special,0,0.0
user_185,2023-02-12 04:00:00,Email,Spring_Sale,1,96.93
user_186,2023-01-03 18:00:00,Social,Fall_Discount,1,151.1
user_187,2023-02-18 10:00:00,Display,Always_On,0,0.0
user_188,2023-01-06 13:00:00,Search,Always_On,0,0.0
user_189,2023-02-28 15:00:00,Search,Summer_Promo,0,0.0
user_189,2023-03-01 01:00:00,Direct,Fall_Discount,0,0.0
user_189,2023-03-02 12:00:00,Display,Spring_Sale,0,0.0
user_189,2023-03-03 23:00:00,Email,Always_On,0,0.0
user_189,2023-03-04 08:00:00,Social,Summer_Promo,0,0.0
user_189,2023-03-05 09:00:00,Social,Always_On,0,0.0
user_189,2023-03-06 08:00:00,Social,Always_On,0,0.0
user_189,2023-03-07 08:00:00,Social,Winter_Special,0,0.0
user_19,2023-01-23 20:00:00,Search,Winter_Special,0,0.0
user_19,2023-01-24 14:00:00,Social,Spring_Sale,0,0.0
user_19,2023-01-25 20:00:00,Search,Always_On,0,0.0
user_19,2023-01-26 21:00:00,Direct,Always_On,0,0.0
user_19,2023-01-27 15:00:00,Email,Winter_Special,0,0.0
user_190,2023-01-12 09:00:00,Email,Fall_Discount,0,0.0
user_191,2023-01-16 23:00:00,Social,Winter_Special,0,0.0
user_191,2023-01-17 22:00:00,Social,Fall_Discount,0,0.0
user_191,2023-01-18 08:00:00,Direct,Winter_Special,0,0.0
user_192,2023-01-20 20:00:00,Email,Summer_Promo,1,194.75
user_193,2023-02-02 03:00:00,Search,Fall_Discount,0,0.0
user_193,2023-02-03 03:00:00,Social,Always_On,0,0.0
user_193,2023-02-04 09:00:00,Social,Spring_Sale,0,0.0
user_193,2023-02-05 15:00:00,Email,Fall_Discount,1,165.85
user_194,2023-02-03 00:00:00,Search,Always_On,1,137.44
user_195,2023-01-09 00:00:00,Display,Fall_Discount,0,0.0
user_196,2023-02-14 09:00:00,Social,Spring_Sale,1,115.04
user_197,2023-02-21 14:00:00,Email,Always_On,0,0.0
user_197,2023-02-22 08:00:00,Direct,Fall_Discount,0,0.0
user_197,2023-02-23 16:00:00,Email,Winter_Special,0,0.0
user_198,2023-02-11 12:00:00,Social,Winter_Special,0,0.0
user_198,2023-02-12 22:00:00,Search,Always_On,1,186.73
user_199,2023-02-26 15:00:00,Direct,Fall_Discount,0,0.0
user_2,2023-02-27 20:00:00,Search,Summer_Promo,0,0.0
user_2,2023-02-28 06:00:00,Display,Winter_Special,0,0.0
user_20,2023-02-26 04:00:00,Direct,Winter_Special,0,0.0
user_20,2023-02-27 11:00:00,Display,Always_On,0,0.0
user_20,2023-02-28 06:00:00,Social,Always_On,0,0.0
user_20,2023-03-01 09:00:00,Direct,Summer_Promo,0,0.0
user_20,2023-03-02 19:00:00,Display,Summer_Promo,0,0.0
user_20,2023-03-03 00:00:00,Social,Fall_Discount,0,0.0
user_200,2023-01-03 10:00:00,Social,Spring_Sale,0,0.0
user_200,2023-01-04 05:00:00,Social,Summer_Promo,0,0.0
user_201,2023-02-28 09:00:00,Direct,Fall_Discount,0,0.0
user_201,2023-03-01 13:00:00,Email,Fall_Discount,0,0.0
user_201,2023-03-02 05:00:00,Search,Always_On,0,0.0
user_201,2023-03-03 00:00:00,Search,Winter_Special,0,0.0
user_202,2023-01-18 01:00:00,Email,Always_On,0,0.0
user_202,2023-01-19 05:00:00,Email,Fall_Discount,0,0.0
user_202,2023-01-20 10:00:00,Display,Summer_Promo,0,0.0
user_202,2023-01-21 01:00:00,Display,Summer_Promo,0,0.0
user_202,2023-01-22 12:00:00,Email,Summer_Promo,0,0.0
user_202,2023-01-23 21:00:00,Direct,Fall_Discount,1,81.5
user_203,2023-02-24 00:00:00,Email,Summer_Promo,0,0.0
user_204,2023-02-17 16:00:00,Direct,Always_On,0,0.0
user_204,2023-02-18 06:00:00,Direct,Summer_Promo,0,0.0
user_204,2023-02-19 02:00:00,Display,Fall_Discount,0,0.0
user_204,2023-02-20 11:00:00,Search,Winter_Special,0,0.0
user_204,2023-02-21 20:00:00,Social,Spring_Sale,0,0.0
user_205,2023-01-24 22:00:00,Search,Always_On,0,0.0
user_205,2023-01-25 13:00:00,Direct,Winter_Special,0,0.0
user_205,2023-01-26 06:00:00,Social,Summer_Promo,0,0.0
user_205,2023-01-27 08:00:00,Search,Always_On,0,0.0
user_206,2023-02-08 09:00:00,Search,Always_On,0,0.0
user_206,2023-02-09 21:00:00,Display,Fall_Discount,0,0.0
user_206,2023-02-10 13:00:00,Direct,Always_On,0,0.0
user_207,2023-02-14 01:00:00,Search,Always_On,0,0.0
user_207,2023-02-15 21:00:00,Display,Summer_Promo,0,0.0
user_207,2023-02-16 09:00:00,Search,Fall_Discount,0,0.0
user_207,2023-02-17 14:00:00,Social,Summer_Promo,0,0.0
user_207,2023-02-18 08:00:00,Display,Summer_Promo,0,0.0
user_207,2023-02-19 21:00:00,Email,Fall_Discount,0,0.0
user_207,2023-02-20 08:00:00,Display,Fall_Discount,0,0.0
user_208,2023-01-19 07:00:00,Email,Summer_Promo,0,0.0
user_209,2023-01-29 18:00:00,Social,Summer_Promo,0,0.0
user_21,2023-01-16 19:00:00,Social,Spring_Sale,0,0.0
user_21,2023-01-17 00:00:00,Social,Fall_Discount,0,0.0
user_21,2023-01-18 04:00:00,Email,Fall_Discount,0,0.0
user_21,2023-01-19 07:00:00,Search,Spring_Sale,0,0.0
user_210,2023-02-03 15:00:00,Direct,Always_On,0,0.0
user_211,2023-01-24 06:00:00,Social,Spring_Sale,0,0.0
user_211,2023-01-25 02:00:00,Social,Spring_Sale,0,0.0
user_211,2023-01-26 00:00:00,Search,Always_On,1,168.91
user_212,2023-02-28 14:00:00,Direct,Fall_Discount,0,0.0
user_212,2023-03-01 15:00:00,Email,Summer_Promo,1,158.52
user_213,2023-02-25 21:00:00,Search,Always_On,0,0.0
user_213,2023-02-26 18:00:00,Email,Winter_Special,0,0.0
user_213,2023-02-27 18:00:00,Direct,Fall_Discount,0,0.0
user_213,2023-02-28 10:00:00,Direct,Fall_Discount,0,0.0
user_213,2023-03-01 18:00:00,Search,Summer_Promo,0,0.0
user_213,2023-03-02 14:00:00,Social,Winter_Special,0,0.0
user_213,2023-03-03 19:00:00,Display,Winter_Special,0,0.0
user_213,2023-03-04 01:00:00,Direct,Summer_Promo,0,0.0
user_214,2023-01-15 09:00:00,Display,Always_On,0,0.0
user_214,2023-01-16 21:00:00,Email,Fall_Discount,0,0.0
user_214,2023-01-17 19:00:00,Email,Winter_Special,1,102.49
user_215,2023-02-18 01:00:00,Search,Winter_Special,0,0.0
user_215,2023-02-19 07:00:00,Search,Winter_Special,0,0.0
user_216,2023-02-17 19:00:00,Direct,Summer_Promo,0,0.0
user_216,2023-02-18 11:00:00,Direct,Fall_Discount,0,0.0
user_216,2023-02-19 05:00:00,Display,Spring_Sale,0,0.0
user_216,2023-02-20 20:00:00,Search,Fall_Discount,0,0.0
user_216,2023-02-21 04:00:00,Display,Summer_Promo,0,0.0
user_217,2023-01-16 07:00:00,Email,Spring_Sale,0,0.0
user_217,2023-01-17 09:00:00,Social,Winter_Special,0,0.0
user_217,2023-01-18 01:00:00,Search,Summer_Promo,0,0.0
user_217,2023-01-19 22:00:00,Email,Summer_Promo,0,0.0
user_217,2023-01-20 14:00:00,Search,Spring_Sale,0,0.0
user_217,2023-01-21 00:00:00,Email,Always_On,0,0.0
user_218,2023-02-27 03:00:00,Direct,Fall_Discount,0,0.0
user_218,2023-02-28 14:00:00,Social,Always_On,0,0.0
user_218,2023-03-01 04:00:00,Display,Summer_Promo,0,0.0
user_218,2023-03-02 07:00:00,Search,Winter_Special,1,88.94
user_219,2023-01-21 23:00:00,Email,Always_On,0,0.0
user_219,2023-01-22 23:00:00,Search,Fall_Discount,0,0.0
user_219,2023-01-23 05:00:00,Direct,Always_On,0,0.0
user_219,2023-01-24 21:00:00,Email,Spring_Sale,0,0.0
user_219,2023-01-25 11:00:00,Email,Winter_Special,0,0.0
user_219,2023-01-26 09:00:00,Email,Always_On,1,119.87
user_22,2023-02-20 22:00:00,Social,Fall_Discount,0,0.0
user_22,2023-02-21 09:00:00,Direct,Summer_Promo,1,172.17
user_220,2023-02-04 20:00:00,Display,Fall_Discount,0,0.0
user_221,2023-02-04 03:00:00,Social,Spring_Sale,0,0.0
user_221,2023-02-05 02:00:00,Email,Summer_Promo,0,0.0
user_221,2023-02-06 09:00:00,Direct,Always_On,0,0.0
user_221,2023-02-07 18:00:00,Display,Always_On,0,0.0
user_221,2023-02-08 10:00:00,Social,Always_On,0,0.0
user_222,2023-01-23 22:00:00,Email,Summer_Promo,0,0.0
user_222,2023-01-24 18:00:00,Email,Always_On,0,0.0
user_222,2023-01-25 21:00:00,Social,Winter_Special,0,0.0
user_223,2023-02-07 10:00:00,Search,Fall_Discount,0,0.0
user_223,2023-02-08 23:00:00,Email,Summer_Promo,0,0.0
user_223,2023-02-09 04:00:00,Direct,Winter_Special,0,0.0
user_223,2023-02-10 08:00:00,Email,Spring_Sale,1,133.2
user_224,2023-01-07 14:00:00,Display,Spring_Sale,0,0.0
user_225,2023-01-22 13:00:00,Social,Spring_Sale,0,0.0
user_225,2023-01-23 15:00:00,Display,Summer_Promo,0,0.0
user_225,2023-01-24 14:00:00,Email,Fall_Discount,0,0.0
user_225,2023-01-25 23:00:00,Display,Fall_Discount,0,0.0
user_225,2023-01-26 01:00:00,Direct,Always_On,0,0.0
user_225,2023-01-27 21:00:00,Social,Winter_Special,0,0.0
user_226,2023-02-13 07:00:00,Email,Winter_Special,1,84.62
user_227,2023-01-20 06:00:00,Display,Fall_Discount,0,0.0
user_228,2023-02-17 22:00:00,Email,Always_On,0,0.0
user_228,2023-02-18 18:00:00,Search,Fall_Discount,1,184.6
user_229,2023-02-26 06:00:00,Direct,Winter_Special,0,0.0
user_229,2023-02-27 16:00:00,Display,Spring_Sale,0,0.0
user_229,2023-02-28 13:00:00,Direct,Fall_Discount,0,0.0
user_229,2023-03-01 01:00:00,Social,Winter_Special,0,0.0
user_229,2023-03-02 19:00:00,Social,Summer_Promo,0,0.0
user_229,2023-03-03 04:00:00,Display,Fall_Discount,0,0.0
user_229,2023-03-04 13:00:00,Display,Fall_Discount,0,0.0
user_23,2023-01-07 20:00:00,Display,Summer_Promo,0,0.0
user_23,2023-01-08 23:00:00,Email,Always_On,0,0.0
user_23,2023-01-09 03:00:00,Direct,Always_On,0,0.0
user_23,2023-01-10 16:00:00,Search,Fall_Discount,0,0.0
user_23,2023-01-11 16:00:00,Display,Summer_Promo,0,0.0
user_23,2023-01-12 16:00:00,Direct,Winter_Special,0,0.0
user_23,2023-01-13 08:00:00,Search,Fall_Discount,0,0.0
user_23,2023-01-14 15:00:00,Search,Winter_Special,0,0.0
user_23,2023-01-15 18:00:00,Direct,Fall_Discount,0,0.0
user_230,2023-03-01 16:00:00,Social,Winter_Special,0,0.0
user_230,2023-03-02 04:00:00,Direct,Winter_Special,0,0.0
user_230,2023-03-03 05:00:00,Display,Summer_Promo,0,0.0
user_230,2023-03-04 13:00:00,Social,Fall_Discount,0,0.0
user_230,2023-03-05 07:00:00,Direct,Summer_Promo,0,0.0
user_230,2023-03-06 15:00:00,Email,Winter_Special,0,0.0
user_230,2023-03-07 22:00:00,Search,Spring_Sale,0,0.0
user_230,2023-03-08 22:00:00,Social,Spring_Sale,0,0.0
user_231,2023-02-03 15:00:00,Search,Always_On,0,0.0
user_231,2023-02-04 14:00:00,Display,Spring_Sale,0,0.0
user_231,2023-02-05 08:00:00,Direct,Spring_Sale,0,0.0
user_231,2023-02-06 20:00:00,Social,Fall_Discount,0,0.0
user_231,2023-02-07 11:00:00,Search,Winter_Special,0,0.0
user_231,2023-02-08 02:00:00,Display,Spring_Sale,0,0.0
user_231,2023-02-09 07:00:00,Display,Fall_Discount,0,0.0
user_231,2023-02-10 04:00:00,Search,Spring_Sale,0,0.0
user_232,2023-03-01 06:00:00,Social,Winter_Special,0,0.0
user_232,2023-03-02 05:00:00,Direct,Fall_Discount,0,0.0
user_232,2023-03-03 02:00:00,Display,Always_On,0,0.0
user_232,2023-03-04 15:00:00,Direct,Summer_Promo,0,0.0
user_232,2023-03-05 05:00:00,Direct,Spring_Sale,0,0.0
user_232,2023-03-06 02:00:00,Email,Summer_Promo,0,0.0
user_232,2023-03-07 04:00:00,Display,Spring_Sale,0,0.0
user_232,2023-03-08 20:00:00,Search,Spring_Sale,0,0.0
user_232,2023-03-09 12:00:00,Display,Always_On,0,0.0
user_233,2023-02-18 12:00:00,Display,Winter_Special,0,0.0
user_233,2023-02-19 00:00:00,Display,Spring_Sale,0,0.0
user_234,2023-01-24 12:00:00,Social,Summer_Promo,0,0.0
user_235,2023-01-08 14:00:00,Email,Summer_Promo,0,0.0
user_235,2023-01-09 15:00:00,Direct,Spring_Sale,0,0.0
user_235,2023-01-10 06:00:00,Social,Spring_Sale,0,0.0
user_235,2023-01-11 13:00:00,Social,Always_On,0,0.0
user_235,2023-01-12 20:00:00,Direct,Fall_Discount,0,0.0
user_235,2023-01-13 19:00:00,Search,Fall_Discount,0,0.0
user_235,2023-01-14 11:00:00,Display,Summer_Promo,0,0.0
user_235,2023-01-15 19:00:00,Display,Spring_Sale,0,0.0
user_236,2023-02-13 01:00:00,Email,Fall_Discount,0,0.0
user_237,2023-02-14 07:00:00,Search,Spring_Sale,0,0.0
user_238,2023-02-12 10:00:00,Social,Fall_Discount,0,0.0
user_239,2023-02-02 20:00:00,Social,Always_On,0,0.0
user_24,2023-01-19 06:00:00,Display,Spring_Sale,0,0.0
user_24,2023-01-20 14:00:00,Display,Fall_Discount,0,0.0
user_24,2023-01-21 11:00:00,Direct,Fall_Discount,0,0.0
user_24,2023-01-22 03:00:00,Email,Always_On,0,0.0
user_24,2023-01-23 20:00:00,Search,Always_On,0,0.0
user_24,2023-01-24 02:00:00,Social,Always_On,0,0.0
user_24,2023-01-25 17:00:00,Email,Fall_Discount,0,0.0
user_24,2023-01-26 11:00:00,Search,Summer_Promo,0,0.0
user_24,2023-01-27 08:00:00,Direct,Summer_Promo,0,0.0
user_240,2023-02-25 12:00:00,Social,Always_On,0,0.0
user_240,2023-02-26 02:00:00,Search,Spring_Sale,0,0.0
user_240,2023-02-27 18:00:00,Search,Always_On,0,0.0
user_240,2023-02-28 16:00:00,Email,Winter_Special,0,0.0
user_240,2023-03-01 05:00:00,Display,Summer_Promo,0,0.0
user_240,2023-03-02 03:00:00,Email,Winter_Special,0,0.0
user_240,2023-03-03 03:00:00,Search,Fall_Discount,0,0.0
user_241,2023-02-27 03:00:00,Search,Spring_Sale,0,0.0
user_241,2023-02-28 02:00:00,Email,Summer_Promo,0,0.0
user_241,2023-03-01 00:00:00,Email,Winter_Special,1,198.75
user_242,2023-01-12 05:00:00,Social,Winter_Special,0,0.0
user_243,2023-02-16 01:00:00,Display,Always_On,0,0.0
user_243,2023-02-17 19:00:00,Social,Spring_Sale,0,0.0
user_243,2023-02-18 02:00:00,Social,Fall_Discount,0,0.0
user_243,2023-02-19 15:00:00,Email,Summer_Promo,0,0.0
user_243,2023-02-20 08:00:00,Email,Winter_Special,0,0.0
user_243,2023-02-21 22:00:00,Social,Summer_Promo,0,0.0
user_243,2023-02-22 22:00:00,Display,Winter_Special,0,0.0
user_243,2023-02-23 01:00:00,Search,Spring_Sale,0,0.0
user_243,2023-02-24 19:00:00,Social,Always_On,0,0.0
user_244,2023-01-21 19:00:00,Direct,Spring_Sale,0,0.0
user_244,2023-01-22 13:00:00,Social,Summer_Promo,0,0.0
user_244,2023-01-23 23:00:00,Search,Always_On,0,0.0
user_244,2023-01-24 10:00:00,Direct,Spring_Sale,0,0.0
user_244,2023-01-25 17:00:00,Display,Fall_Discount,0,0.0
user_244,2023-01-26 07:00:00,Email,Fall_Discount,0,0.0
user_245,2023-02-21 04:00:00,Search,Fall_Discount,0,0.0
user_245,2023-02-22 23:00:00,Direct,Always_On,0,0.0
user_245,2023-02-23 08:00:00,Direct,Always_On,0,0.0
user_245,2023-02-24 07:00:00,Social,Spring_Sale,0,0.0
user_245,2023-02-25 11:00:00,Email,Winter_Special,1,75.88
user_246,2023-02-23 08:00:00,Display,Summer_Promo,0,0.0
user_246,2023-02-24 23:00:00,Social,Always_On,0,0.0
user_246,2023-02-25 11:00:00,Display,Spring_Sale,0,0.0
user_246,2023-02-26 00:00:00,Direct,Spring_Sale,0,0.0
user_246,2023-02-27 20:00:00,Social,Summer_Promo,0,0.0
user_246,2023-02-28 15:00:00,Email,Always_On,0,0.0
user_246,2023-03-01 21:00:00,Search,Spring_Sale,0,0.0
user_246,2023-03-02 15:00:00,Search,Spring_Sale,0,0.0
user_247,2023-02-04 12:00:00,Direct,Always_On,0,0.0
user_247,2023-02-05 05:00:00,Direct,Fall_Discount,0,0.0
user_247,2023-02-06 22:00:00,Social,Spring_Sale,0,0.0
user_247,2023-02-07 19:00:00,Social,Always_On,0,0.0
user_247,2023-02-08 17:00:00,Email,Summer_Promo,0,0.0
user_247,2023-02-09 06:00:00,Search,Always_On,0,0.0
user_248,2023-01-15 14:00:00,Email,Fall_Discount,0,0.0
user_248,2023-01-16 18:00:00,Search,Fall_Discount,0,0.0
user_248,2023-01-17 15:00:00,Email,Summer_Promo,1,97.95
user_249,2023-01-07 00:00:00,Email,Summer_Promo,0,0.0
user_25,2023-01-05 05:00:00,Direct,Always_On,0,0.0
user_25,2023-01-06 21:00:00,Direct,Spring_Sale,0,0.0
user_250,2023-01-13 15:00:00,Social,Always_On,0,0.0
user_250,2023-01-14 15:00:00,Display,Fall_Discount,0,0.0
user_250,2023-01-15 12:00:00,Display,Always_On,0,0.0
user_250,2023-01-16 08:00:00,Email,Fall_Discount,0,0.0
user_251,2023-01-08 06:00:00,Display,Fall_Discount,0,0.0
user_251,2023-01-09 09:00:00,Search,Fall_Discount,0,0.0
user_252,2023-01-05 06:00:00,Direct,Always_On,0,0.0
user_252,2023-01-06 22:00:00,Email,Always_On,0,0.0
user_253,2023-02-25 13:00:00,Social,Always_On,0,0.0
user_253,2023-02-26 17:00:00,Direct,Summer_Promo,0,0.0
user_253,2023-02-27 04:00:00,Social,Spring_Sale,0,0.0
user_253,2023-02-28 09:00:00,Email,Fall_Discount,1,196.75
user_254,2023-01-04 18:00:00,Search,Spring_Sale,0,0.0
user_254,2023-01-05 19:00:00,Email,Spring_Sale,0,0.0
user_254,2023-01-06 09:00:00,Email,Always_On,1,140.53
user_255,2023-01-14 16:00:00,Search,Summer_Promo,0,0.0
user_255,2023-01-15 18:00:00,Search,Summer_Promo,0,0.0
user_255,2023-01-16 22:00:00,Direct,Winter_Special,0,0.0
user_255,2023-01-17 12:00:00,Display,Summer_Promo,0,0.0
user_255,2023-01-18 13:00:00,Search,Summer_Promo,0,0.0
user_255,2023-01-19 13:00:00,Social,Spring_Sale,0,0.0
user_255,2023-01-20 02:00:00,Social,Summer_Promo,0,0.0
user_256,2023-01-21 01:00:00,Direct,Spring_Sale,0,0.0
user_256,2023-01-22 21:00:00,Social,Summer_Promo,0,0.0
user_256,2023-01-23 17:00:00,Search,Fall_Discount,0,0.0
user_256,2023-01-24 15:00:00,Email,Summer_Promo,1,168.11
user_257,2023-02-08 14:00:00,Social,Summer_Promo,0,0.0
user_257,2023-02-09 12:00:00,Display,Winter_Special,0,0.0
user_257,2023-02-10 16:00:00,Search,Always_On,0,0.0
user_257,2023-02-11 15:00:00,Direct,Always_On,0,0.0
user_258,2023-01-29 22:00:00,Display,Always_On,0,0.0
user_258,2023-01-30 19:00:00,Social,Always_On,0,0.0
user_258,2023-01-31 02:00:00,Direct,Always_On,0,0.0
user_258,2023-02-01 12:00:00,Display,Fall_Discount,0,0.0
user_258,2023-02-02 22:00:00,Direct,Fall_Discount,0,0.0
user_258,2023-02-03 05:00:00,Display,Spring_Sale,0,0.0
user_259,2023-01-22 21:00:00,Social,Always_On,0,0.0
user_259,2023-01-23 22:00:00,Direct,Fall_Discount,0,0.0
user_26,2023-01-25 03:00:00,Direct,Winter_Special,0,0.0
user_26,2023-01-26 11:00:00,Email,Always_On,0,0.0
user_26,2023-01-27 18:00:00,Email,Summer_Promo,0,0.0
user_26,2023-01-28 12:00:00,Email,Always_On,0,0.0
user_26,2023-01-29 07:00:00,Social,Winter_Special,0,0.0
user_26,2023-01-30 02:00:00,Search,Spring_Sale,0,0.0
user_26,2023-01-31 16:00:00,Search,Winter_Special,0,0.0
user_260,2023-01-29 19:00:00,Display,Winter_Special,0,0.0
user_260,2023-01-30 18:00:00,Search,Fall_Discount,0,0.0
user_260,2023-01-31 19:00:00,Display,Spring_Sale,0,0.0
user_260,2023-02-01 17:00:00,Display,Summer_Promo,0,0.0
user_260,2023-02-02 21:00:00,Email,Always_On,0,0.0
user_260,2023-02-03 01:00:00,Direct,Winter_Special,1,116.68
user_261,2023-01-04 02:00:00,Email,Summer_Promo,0,0.0
user_261,2023-01-05 20:00:00,Direct,Fall_Discount,0,0.0
user_261,2023-01-06 09:00:00,Email,Winter_Special,0,0.0
user_261,2023-01-07 15:00:00,Display,Spring_Sale,0,0.0
user_261,2023-01-08 23:00:00,Direct,Fall_Discount,0,0.0
user_261,2023-01-09 06:00:00,Direct,Winter_Special,1,172.76
user_262,2023-02-02 00:00:00,Email,Winter_Special,0,0.0
user_263,2023-02-11 23:00:00,Social,Summer_Promo,0,0.0
user_263,2023-02-12 10:00:00,Email,Summer_Promo,0,0.0
user_263,2023-02-13 12:00:00,Email,Fall_Discount,0,0.0
user_263,2023-02-14 16:00:00,Email,Summer_Promo,0,0.0
user_263,2023-02-15 21:00:00,Search,Summer_Promo,0,0.0
user_264,2023-01-28 09:00:00,Search,Always_On,0,0.0
user_264,2023-01-29 23:00:00,Search,Always_On,0,0.0
user_264,2023-01-30 21:00:00,Social,Always_On,0,0.0
user_264,2023-01-31 17:00:00,Search,Winter_Special,1,160.12
user_265,2023-02-01 01:00:00,Social,Spring_Sale,0,0.0
user_265,2023-02-02 08:00:00,Search,Winter_Special,0,0.0
user_266,2023-02-03 01:00:00,Display,Winter_Special,0,0.0
user_266,2023-02-04 23:00:00,Display,Winter_Special,0,0.0
user_266,2023-02-05 13:00:00,Social,Spring_Sale,0,0.0
user_266,2023-02-06 19:00:00,Display,Always_On,0,0.0
user_266,2023-02-07 13:00:00,Direct,Summer_Promo,0,0.0
user_266,2023-02-08 11:00:00,Social,Summer_Promo,0,0.0
user_266,2023-02-09 03:00:00,Display,Always_On,0,0.0
user_266,2023-02-10 23:00:00,Direct,Winter_Special,0,0.0
user_266,2023-02-11 03:00:00,Search,Always_On,0,0.0
user_267,2023-01-03 15:00:00,Direct,Fall_Discount,0,0.0
user_267,2023-01-04 07:00:00,Display,Always_On,0,0.0
user_267,2023-01-05 12:00:00,Display,Spring_Sale,0,0.0
user_267,2023-01-06 16:00:00,Direct,Winter_Special,0,0.0
user_267,2023-01-07 04:00:00,Display,Summer_Promo,0,0.0
user_267,2023-01-08 13:00:00,Display,Fall_Discount,0,0.0
user_268,2023-02-22 18:00:00,Email,Spring_Sale,0,0.0
user_269,2023-02-01 19:00:00,Direct,Fall_Discount,0,0.0
user_269,2023-02-02 05:00:00,Search,Always_On,0,0.0
user_269,2023-02-03 04:00:00,Social,Always_On,0,0.0
user_269,2023-02-04 19:00:00,Search,Spring_Sale,0,0.0
user_269,2023-02-05 21:00:00,Email,Fall_Discount,0,0.0
user_269,2023-02-06 13:00:00,Email,Winter_Special,0,0.0
user_269,2023-02-07 14:00:00,Social,Always_On,0,0.0
user_27,2023-02-07 11:00:00,Direct,Summer_Promo,0,0.0
user_270,2023-01-29 15:00:00,Display,Always_On,0,0.0
user_270,2023-01-30 02:00:00,Email,Winter_Special,0,0.0
user_271,2023-02-14 06:00:00,Display,Spring_Sale,0,0.0
user_271,2023-02-15 12:00:00,Email,Fall_Discount,0,0.0
user_271,2023-02-16 21:00:00,Direct,Winter_Special,0,0.0
user_271,2023-02-17 21:00:00,Direct,Always_On,0,0.0
user_272,2023-02-21 15:00:00,Social,Summer_Promo,0,0.0
user_272,2023-02-22 08:00:00,Email,Always_On,1,58.55
user_273,2023-02-20 09:00:00,Display,Fall_Discount,0,0.0
user_273,2023-02-21 18:00:00,Social,Fall_Discount,0,0.0
user_273,2023-02-22 09:00:00,Display,Spring_Sale,0,0.0
user_273,2023-02-23 19:00:00,Email,Fall_Discount,0,0.0
user_273,2023-02-24 03:00:00,Email,Always_On,0,0.0
user_273,2023-02-25 10:00:00,Social,Winter_Special,0,0.0
user_273,2023-02-26 23:00:00,Direct,Always_On,0,0.0
user_274,2023-02-23 21:00:00,Search,Winter_Special,0,0.0
user_274,2023-02-24 10:00:00,Search,Summer_Promo,0,0.0
user_274,2023-02-25 22:00:00,Search,Always_On,0,0.0
user_274,2023-02-26 21:00:00,Email,Spring_Sale,0,0.0
user_274,2023-02-27 13:00:00,Search,Winter_Special,0,0.0
user_274,2023-02-28 02:00:00,Display,Spring_Sale,0,0.0
user_274,2023-03-01 12:00:00,Display,Always_On,0,0.0
user_274,2023-03-02 05:00:00,Search,Fall_Discount,0,0.0
user_274,2023-03-03 05:00:00,Direct,Winter_Special,0,0.0
user_275,2023-02-11 16:00:00,Search,Summer_Promo,0,0.0
user_275,2023-02-12 06:00:00,Social,Spring_Sale,0,0.0
user_275,2023-02-13 19:00:00,Social,Fall_Discount,0,0.0
user_275,2023-02-14 01:00:00,Display,Always_On,0,0.0
user_275,2023-02-15 21:00:00,Display,Fall_Discount,0,0.0
user_275,2023-02-16 08:00:00,Search,Summer_Promo,0,0.0
user_275,2023-02-17 03:00:00,Direct,Fall_Discount,0,0.0
user_275,2023-02-18 13:00:00,Email,Fall_Discount,0,0.0
user_275,2023-02-19 15:00:00,Display,Winter_Special,0,0.0
user_276,2023-02-06 15:00:00,Search,Summer_Promo,0,0.0
user_276,2023-02-07 01:00:00,Display,Fall_Discount,0,0.0
user_276,2023-02-08 20:00:00,Display,Summer_Promo,0,0.0
user_276,2023-02-09 22:00:00,Direct,Spring_Sale,0,0.0
user_277,2023-01-06 04:00:00,Display,Fall_Discount,0,0.0
user_277,2023-01-07 09:00:00,Direct,Spring_Sale,0,0.0
user_277,2023-01-08 21:00:00,Direct,Winter_Special,0,0.0
user_277,2023-01-09 11:00:00,Search,Always_On,0,0.0
user_277,2023-01-10 20:00:00,Search,Fall_Discount,0,0.0
user_277,2023-01-11 11:00:00,Display,Always_On,0,0.0
user_278,2023-01-07 11:00:00,Email,Summer_Promo,0,0.0
user_278,2023-01-08 11:00:00,Social,Spring_Sale,0,0.0
user_278,2023-01-09 03:00:00,Social,Fall_Discount,0,0.0
user_279,2023-02-18 23:00:00,Social,Always_On,0,0.0
user_279,2023-02-19 22:00:00,Display,Summer_Promo,0,0.0
user_279,2023-02-20 18:00:00,Email,Winter_Special,0,0.0
user_279,2023-02-21 12:00:00,Search,Summer_Promo,0,0.0
user_28,2023-01-16 04:00:00,Direct,Fall_Discount,0,0.0
user_28,2023-01-17 17:00:00,Email,Winter_Special,0,0.0
user_28,2023-01-18 20:00:00,Search,Spring_Sale,0,0.0
user_28,2023-01-19 10:00:00,Email,Spring_Sale,0,0.0
user_28,2023-01-20 20:00:00,Display,Winter_Special,0,0.0
user_280,2023-01-23 20:00:00,Direct,Summer_Promo,0,0.0
user_280,2023-01-24 06:00:00,Social,Fall_Discount,0,0.0
user_280,2023-01-25 14:00:00,Direct,Fall_Discount,0,0.0
user_280,2023-01-26 14:00:00,Social,Winter_Special,0,0.0
user_280,2023-01-27 18:00:00,Display,Always_On,0,0.0
user_281,2023-02-24 14:00:00,Social,Winter_Special,0,0.0
user_281,2023-02-25 12:00:00,Direct,Fall_Discount,0,0.0
user_281,2023-02-26 15:00:00,Direct,Fall_Discount,0,0.0
user_281,2023-02-27 06:00:00,Direct,Always_On,0,0.0
user_281,2023-02-28 21:00:00,Social,Spring_Sale,0,0.0
user_281,2023-03-01 00:00:00,Direct,Winter_Special,0,0.0
user_281,2023-03-02 17:00:00,Search,Spring_Sale,0,0.0
user_281,2023-03-03 13:00:00,Search,Winter_Special,0,0.0
user_282,2023-02-05 05:00:00,Search,Fall_Discount,0,0.0
user_282,2023-02-06 17:00:00,Email,Spring_Sale,0,0.0
user_282,2023-02-07 17:00:00,Email,Winter_Special,0,0.0
user_282,2023-02-08 18:00:00,Search,Winter_Special,0,0.0
user_282,2023-02-09 00:00:00,Search,Winter_Special,1,198.28
user_283,2023-01-26 04:00:00,Direct,Always_On,0,0.0
user_283,2023-01-27 01:00:00,Social,Summer_Promo,0,0.0
user_283,2023-01-28 14:00:00,Direct,Summer_Promo,0,0.0
user_284,2023-02-16 18:00:00,Search,Fall_Discount,0,0.0
user_284,2023-02-17 13:00:00,Direct,Summer_Promo,0,0.0
user_285,2023-02-10 10:00:00,Search,Fall_Discount,0,0.0
user_285,2023-02-11 11:00:00,Email,Summer_Promo,0,0.0
user_285,2023-02-12 00:00:00,Display,Winter_Special,0,0.0
user_285,2023-02-13 16:00:00,Email,Winter_Special,0,0.0
user_285,2023-02-14 02:00:00,Email,Summer_Promo,0,0.0
user_285,2023-02-15 21:00:00,Direct,Winter_Special,0,0.0
user_285,2023-02-16 12:00:00,Display,Fall_Discount,0,0.0
user_285,2023-02-17 07:00:00,Display,Always_On,0,0.0
user_286,2023-01-01 10:00:00,Email,Fall_Discount,0,0.0
user_286,2023-01-02 17:00:00,Direct,Fall_Discount,0,0.0
user_286,2023-01-03 06:00:00,Search,Always_On,0,0.0
user_286,2023-01-04 17:00:00,Direct,Winter_Special,0,0.0
user_286,2023-01-05 06:00:00,Email,Summer_Promo,0,0.0
user_286,2023-01-06 05:00:00,Display,Fall_Discount,0,0.0
user_286,2023-01-07 20:00:00,Direct,Always_On,0,0.0
user_286,2023-01-08 16:00:00,Direct,Always_On,0,0.0
user_286,2023-01-09 16:00:00,Direct,Always_On,0,0.0
user_287,2023-01-25 08:00:00,Social,Summer_Promo,0,0.0
user_287,2023-01-26 05:00:00,Search,Always_On,0,0.0
user_288,2023-02-09 02:00:00,Email,Always_On,1,54.64
user_289,2023-02-21 02:00:00,Direct,Always_On,0,0.0
user_29,2023-01-26 17:00:00,Social,Winter_Special,0,0.0
user_29,2023-01-27 03:00:00,Direct,Spring_Sale,0,0.0
user_29,2023-01-28 00:00:00,Search,Spring_Sale,0,0.0
user_29,2023-01-29 15:00:00,Direct,Winter_Special,0,0.0
user_290,2023-01-25 10:00:00,Direct,Spring_Sale,0,0.0
user_290,2023-01-26 18:00:00,Social,Always_On,0,0.0
user_290,2023-01-27 08:00:00,Search,Fall_Discount,0,0.0
user_290,2023-01-28 01:00:00,Email,Spring_Sale,0,0.0
user_291,2023-02-24 12:00:00,Social,Summer_Promo,0,0.0
user_291,2023-02-25 15:00:00,Social,Spring_Sale,0,0.0
user_291,2023-02-26 19:00:00,Social,Summer_Promo,0,0.0
user_291,2023-02-27 08:00:00,Display,Always_On,0,0.0
user_291,2023-02-28 12:00:00,Display,Spring_Sale,0,0.0
user_291,2023-03-01 15:00:00,Display,Spring_Sale,0,0.0
user_291,2023-03-02 04:00:00,Search,Winter_Special,0,0.0
user_291,2023-03-03 14:00:00,Display,Summer_Promo,0,0.0
user_292,2023-02-11 08:00:00,Direct,Summer_Promo,0,0.0
user_292,2023-02-12 10:00:00,Search,Always_On,0,0.0
user_292,2023-02-13 12:00:00,Direct,Summer_Promo,0,0.0
user_292,2023-02-14 04:00:00,Direct,Winter_Special,0,0.0
user_293,2023-01-09 21:00:00,Display,Summer_Promo,0,0.0
user_293,2023-01-10 13:00:00,Direct,Always_On,0,0.0
user_293,2023-01-11 17:00:00,Direct,Spring_Sale,0,0.0
user_293,2023-01-12 01:00:00,Search,Always_On,0,0.0
user_293,2023-01-13 09:00:00,Social,Winter_Special,0,0.0
user_293,2023-01-14 02:00:00,Email,Summer_Promo,0,0.0
user_293,2023-01-15 18:00:00,Display,Always_On,0,0.0
user_293,2023-01-16 14:00:00,Display,Fall_Discount,0,0.0
user_294,2023-02-10 11:00:00,Display,Spring_Sale,0,0.0
user_294,2023-02-11 05:00:00,Search,Fall_Discount,0,0.0
user_294,2023-02-12 15:00:00,Email,Spring_Sale,0,0.0
user_294,2023-02-13 15:00:00,Email,Summer_Promo,0,0.0
user_294,2023-02-14 12:00:00,Social,Spring_Sale,0,0.0
user_294,2023-02-15 01:00:00,Email,Summer_Promo,0,0.0
user_294,2023-02-16 22:00:00,Social,Always_On,0,0.0
user_294,2023-02-17 18:00:00,Email,Summer_Promo,0,0.0
user_295,2023-01-11 15:00:00,Direct,Fall_Discount,0,0.0
user_295,2023-01-12 19:00:00,Email,Fall_Discount,0,0.0
user_295,2023-01-13 12:00:00,Email,Spring_Sale,0,0.0
user_296,2023-02-25 02:00:00,Display,Fall_Discount,0,0.0
user_296,2023-02-26 15:00:00,Email,Spring_Sale,0,0.0
user_296,2023-02-27 10:00:00,Display,Spring_Sale,0,0.0
user_296,2023-02-28 03:00:00,Search,Summer_Promo,0,0.0
user_296,2023-03-01 02:00:00,Email,Spring_Sale,0,0.0
user_296,2023-03-02 14:00:00,Email,Winter_Special,1,175.83
user_297,2023-03-01 17:00:00,Display,Summer_Promo,0,0.0
user_298,2023-01-15 03:00:00,Email,Summer_Promo,0,0.0
user_298,2023-01-16 08:00:00,Email,Always_On,0,0.0
user_299,2023-02-01 16:00:00,Direct,Winter_Special,0,0.0
user_299,2023-02-02 13:00:00,Social,Winter_Special,0,0.0
user_299,2023-02-03 21:00:00,Social,Summer_Promo,0,0.0
user_299,2023-02-04 05:00:00,Direct,Spring_Sale,0,0.0
user_299,2023-02-05 16:00:00,Email,Summer_Promo,0,0.0
user_299,2023-02-06 19:00:00,Search,Always_On,0,0.0
user_299,2023-02-07 04:00:00,Direct,Fall_Discount,0,0.0
user_299,2023-02-08 10:00:00,Social,Spring_Sale,0,0.0
user_3,2023-02-16 03:00:00,Email,Spring_Sale,0,0.0
user_3,2023-02-17 05:00:00,Display,Summer_Promo,0,0.0
user_3,2023-02-18 17:00:00,Display,Always_On,0,0.0
user_3,2023-02-19 03:00:00,Social,Summer_Promo,0,0.0
user_3,2023-02-20 07:00:00,Display,Spring_Sale,0,0.0
user_3,2023-02-21 14:00:00,Direct,Summer_Promo,0,0.0
user_3,2023-02-22 12:00:00,Social,Spring_Sale,0,0.0
user_3,2023-02-23 06:00:00,Direct,Spring_Sale,0,0.0
user_30,2023-01-06 04:00:00,Social,Fall_Discount,0,0.0
user_30,2023-01-07 23:00:00,Social,Summer_Promo,0,0.0
user_30,2023-01-08 04:00:00,Email,Always_On,1,106.47
user_300,2023-01-02 06:00:00,Display,Always_On,0,0.0
user_300,2023-01-03 04:00:00,Search,Spring_Sale,0,0.0
user_300,2023-01-04 04:00:00,Email,Spring_Sale,0,0.0
user_300,2023-01-05 01:00:00,Direct,Summer_Promo,1,187.25
user_301,2023-01-22 05:00:00,Social,Always_On,0,0.0
user_301,2023-01-23 06:00:00,Search,Summer_Promo,0,0.0
user_301,2023-01-24 23:00:00,Search,Spring_Sale,0,0.0
user_301,2023-01-25 10:00:00,Direct,Summer_Promo,0,0.0
user_301,2023-01-26 09:00:00,Search,Winter_Special,0,0.0
user_301,2023-01-27 05:00:00,Display,Winter_Special,0,0.0
user_302,2023-01-23 23:00:00,Social,Summer_Promo,0,0.0
user_302,2023-01-24 21:00:00,Direct,Summer_Promo,0,0.0
user_303,2023-02-12 16:00:00,Direct,Summer_Promo,0,0.0
user_303,2023-02-13 01:00:00,Email,Summer_Promo,0,0.0
user_303,2023-02-14 09:00:00,Email,Summer_Promo,0,0.0
user_303,2023-02-15 03:00:00,Social,Spring_Sale,0,0.0
user_303,2023-02-16 10:00:00,Display,Summer_Promo,0,0.0
user_304,2023-02-28 18:00:00,Display,Summer_Promo,0,0.0
user_304,2023-03-01 05:00:00,Display,Fall_Discount,0,0.0
user_304,2023-03-02 23:00:00,Search,Spring_Sale,0,0.0
user_304,2023-03-03 22:00:00,Email,Spring_Sale,0,0.0
user_304,2023-03-04 19:00:00,Direct,Fall_Discount,0,0.0
user_304,2023-03-05 09:00:00,Email,Spring_Sale,1,193.01
user_305,2023-02-24 05:00:00,Social,Spring_Sale,0,0.0
user_305,2023-02-25 23:00:00,Search,Fall_Discount,0,0.0
user_306,2023-02-13 17:00:00,Social,Fall_Discount,0,0.0
user_306,2023-02-14 05:00:00,Display,Always_On,0,0.0
user_306,2023-02-15 20:00:00,Email,Spring_Sale,0,0.0
user_306,2023-02-16 21:00:00,Display,Fall_Discount,0,0.0
user_306,2023-02-17 03:00:00,Display,Spring_Sale,0,0.0
user_306,2023-02-18 22:00:00,Email,Spring_Sale,0,0.0
user_306,2023-02-19 14:00:00,Direct,Winter_Special,0,0.0
user_306,2023-02-20 13:00:00,Direct,Winter_Special,0,0.0
user_306,2023-02-21 09:00:00,Email,Summer_Promo,0,0.0
user_307,2023-02-06 19:00:00,Display,Spring_Sale,0,0.0
user_308,2023-02-27 05:00:00,Email,Summer_Promo,0,0.0
user_308,2023-02-28 06:00:00,Social,Always_On,0,0.0
user_308,2023-03-01 00:00:00,Email,Summer_Promo,1,76.86
user_309,2023-01-05 22:00:00,Direct,Summer_Promo,0,0.0
user_309,2023-01-06 02:00:00,Direct,Summer_Promo,0,0.0
user_309,2023-01-07 00:00:00,Direct,Summer_Promo,0,0.0
user_309,2023-01-08 17:00:00,Email,Summer_Promo,0,0.0
user_309,2023-01-09 13:00:00,Search,Spring_Sale,0,0.0
user_309,2023-01-10 01:00:00,Social,Summer_Promo,0,0.0
user_309,2023-01-11 16:00:00,Direct,Winter_Special,0,0.0
user_309,2023-01-12 18:00:00,Email,Summer_Promo,0,0.0
user_309,2023-01-13 16:00:00,Search,Fall_Discount,0,0.0
user_31,2023-01-18 20:00:00,Search,Fall_Discount,0,0.0
user_310,2023-02-27 17:00:00,Social,Winter_Special,0,0.0
user_310,2023-02-28 21:00:00,Search,Winter_Special,0,0.0
user_311,2023-01-11 04:00:00,Social,Spring_Sale,0,0.0
user_312,2023-02-07 23:00:00,Search,Always_On,0,0.0
user_312,2023-02-08 23:00:00,Search,Spring_Sale,0,0.0
user_312,2023-02-09 23:00:00,Social,Spring_Sale,0,0.0
user_312,2023-02-10 20:00:00,Search,Spring_Sale,0,0.0
user_312,2023-02-11 20:00:00,Social,Fall_Discount,0,0.0
user_313,2023-01-29 16:00:00,Social,Always_On,0,0.0
user_313,2023-01-30 12:00:00,Display,Always_On,0,0.0
user_313,2023-01-31 03:00:00,Search,Spring_Sale,0,0.0
user_313,2023-02-01 11:00:00,Display,Fall_Discount,0,0.0
user_313,2023-02-02 04:00:00,Email,Winter_Special,0,0.0
user_313,2023-02-03 13:00:00,Social,Winter_Special,0,0.0
user_313,2023-02-04 02:00:00,Social,Always_On,0,0.0
user_314,2023-01-17 11:00:00,Display,Spring_Sale,0,0.0
user_314,2023-01-18 16:00:00,Email,Fall_Discount,0,0.0
user_314,2023-01-19 03:00:00,Email,Winter_Special,0,0.0
user_315,2023-02-15 21:00:00,Display,Always_On,0,0.0
user_315,2023-02-16 09:00:00,Search,Spring_Sale,0,0.0
user_315,2023-02-17 06:00:00,Social,Always_On,0,0.0
user_315,2023-02-18 13:00:00,Display,Spring_Sale,0,0.0
user_315,2023-02-19 12:00:00,Social,Spring_Sale,0,0.0
user_315,2023-02-20 03:00:00,Email,Winter_Special,0,0.0
user_315,2023-02-21 13:00:00,Email,Summer_Promo,0,0.0
user_316,2023-01-12 00:00:00,Social,Winter_Special,0,0.0
user_317,2023-02-03 20:00:00,Display,Summer_Promo,0,0.0
user_317,2023-02-04 09:00:00,Display,Summer_Promo,0,0.0
user_317,2023-02-05 15:00:00,Direct,Spring_Sale,0,0.0
user_317,2023-02-06 13:00:00,Display,Winter_Special,0,0.0
user_317,2023-02-07 03:00:00,Display,Summer_Promo,0,0.0
user_317,2023-02-08 11:00:00,Email,Summer_Promo,0,0.0
user_317,2023-02-09 21:00:00,Direct,Winter_Special,0,0.0
user_317,2023-02-10 21:00:00,Display,Fall_Discount,0,0.0
user_318,2023-02-09 20:00:00,Email,Winter_Special,0,0.0
user_318,2023-02-10 10:00:00,Email,Always_On,0,0.0
user_318,2023-02-11 04:00:00,Email,Summer_Promo,0,0.0
user_319,2023-01-09 05:00:00,Email,Always_On,0,0.0
user_319,2023-01-10 10:00:00,Direct,Always_On,0,0.0
user_319,2023-01-11 02:00:00,Social,Always_On,0,0.0
user_319,2023-01-12 05:00:00,Social,Winter_Special,0,0.0
user_319,2023-01-13 09:00:00,Social,Spring_Sale,0,0.0
user_32,2023-01-22 16:00:00,Email,Fall_Discount,0,0.0
user_32,2023-01-23 02:00:00,Social,Spring_Sale,0,0.0
user_32,2023-01-24 16:00:00,Direct,Winter_Special,0,0.0
user_32,2023-01-25 20:00:00,Direct,Fall_Discount,0,0.0
user_32,2023-01-26 09:00:00,Direct,Always_On,0,0.0
user_32,2023-01-27 13:00:00,Search,Always_On,0,0.0
user_32,2023-01-28 12:00:00,Search,Fall_Discount,0,0.0
user_32,2023-01-29 07:00:00,Search,Spring_Sale,0,0.0
user_32,2023-01-30 01:00:00,Display,Summer_Promo,0,0.0
user_320,2023-01-03 11:00:00,Email,Spring_Sale,1,76.19
user_321,2023-02-11 03:00:00,Direct,Spring_Sale,0,0.0
user_321,2023-02-12 11:00:00,Email,Summer_Promo,0,0.0
user_322,2023-01-06 10:00:00,Direct,Fall_Discount,0,0.0
user_322,2023-01-07 01:00:00,Display,Spring_Sale,0,0.0
user_323,2023-02-05 19:00:00,Social,Always_On,0,0.0
user_323,2023-02-06 09:00:00,Display,Always_On,0,0.0
user_323,2023-02-07 21:00:00,Social,Always_On,0,0.0
user_323,2023-02-08 23:00:00,Social,Winter_Special,0,0.0
user_323,2023-02-09 05:00:00,Search,Spring_Sale,0,0.0
user_324,2023-02-13 05:00:00,Social,Summer_Promo,0,0.0
user_324,2023-02-14 09:00:00,Social,Fall_Discount,0,0.0
user_324,2023-02-15 06:00:00,Direct,Always_On,0,0.0
user_324,2023-02-16 23:00:00,Email,Summer_Promo,0,0.0
user_324,2023-02-17 15:00:00,Display,Winter_Special,0,0.0
user_324,2023-02-18 19:00:00,Social,Spring_Sale,0,0.0
user_325,2023-01-11 19:00:00,Social,Spring_Sale,0,0.0
user_325,2023-01-12 20:00:00,Direct,Spring_Sale,0,0.0
user_325,2023-01-13 01:00:00,Search,Always_On,0,0.0
user_325,2023-01-14 21:00:00,Email,Summer_Promo,0,0.0
user_325,2023-01-15 20:00:00,Direct,Winter_Special,0,0.0
user_325,2023-01-16 10:00:00,Display,Spring_Sale,0,0.0
user_325,2023-01-17 00:00:00,Social,Winter_Special,0,0.0
user_325,2023-01-18 09:00:00,Search,Winter_Special,0,0.0
user_325,2023-01-19 22:00:00,Direct,Fall_Discount,0,0.0
user_326,2023-01-12 07:00:00,Social,Always_On,0,0.0
user_327,2023-01-26 02:00:00,Direct,Fall_Discount,0,0.0
user_327,2023-01-27 11:00:00,Email,Summer_Promo,0,0.0
user_327,2023-01-28 17:00:00,Display,Winter_Special,0,0.0
user_327,2023-01-29 04:00:00,Display,Summer_Promo,0,0.0
user_327,2023-01-30 15:00:00,Social,Winter_Special,0,0.0
user_328,2023-02-01 04:00:00,Direct,Always_On,0,0.0
user_328,2023-02-02 08:00:00,Display,Always_On,0,0.0
user_328,2023-02-03 23:00:00,Social,Summer_Promo,0,0.0
user_328,2023-02-04 14:00:00,Display,Fall_Discount,0,0.0
user_328,2023-02-05 03:00:00,Direct,Spring_Sale,0,0.0
user_328,2023-02-06 04:00:00,Social,Always_On,0,0.0
user_328,2023-02-07 12:00:00,Direct,Always_On,0,0.0
user_328,2023-02-08 15:00:00,Direct,Fall_Discount,0,0.0
user_328,2023-02-09 09:00:00,Display,Always_On,0,0.0
user_329,2023-02-17 08:00:00,Search,Winter_Special,0,0.0
user_329,2023-02-18 23:00:00,Display,Winter_Special,0,0.0
user_329,2023-02-19 12:00:00,Social,Summer_Promo,0,0.0
user_329,2023-02-20 13:00:00,Direct,Summer_Promo,0,0.0
user_329,2023-02-21 00:00:00,Display,Always_On,0,0.0
user_33,2023-02-28 00:00:00,Social,Winter_Special,0,0.0
user_33,2023-03-01 16:00:00,Direct,Fall_Discount,0,0.0
user_33,2023-03-02 13:00:00,Direct,Always_On,0,0.0
user_330,2023-01-08 09:00:00,Direct,Fall_Discount,0,0.0
user_330,2023-01-09 18:00:00,Direct,Always_On,0,0.0
user_330,2023-01-10 21:00:00,Social,Winter_Special,0,0.0
user_330,2023-01-11 22:00:00,Social,Winter_Special,0,0.0
user_330,2023-01-12 02:00:00,Display,Always_On,0,0.0
user_330,2023-01-13 10:00:00,Direct,Summer_Promo,0,0.0
user_330,2023-01-14 08:00:00,Search,Summer_Promo,0,0.0
user_330,2023-01-15 12:00:00,Direct,Spring_Sale,0,0.0
user_330,2023-01-16 15:00:00,Display,Summer_Promo,0,0.0
user_331,2023-02-03 06:00:00,Social,Spring_Sale,0,0.0
user_331,2023-02-04 23:00:00,Search,Fall_Discount,0,0.0
user_331,2023-02-05 16:00:00,Social,Summer_Promo,0,0.0
user_331,2023-02-06 08:00:00,Display,Spring_Sale,0,0.0
user_331,2023-02-07 23:00:00,Social,Spring_Sale,0,0.0
user_332,2023-02-17 01:00:00,Email,Fall_Discount,0,0.0
user_332,2023-02-18 15:00:00,Search,Winter_Special,0,0.0
user_332,2023-02-19 03:00:00,Direct,Fall_Discount,0,0.0
user_332,2023-02-20 02:00:00,Display,Winter_Special,0,0.0
user_332,2023-02-21 17:00:00,Social,Spring_Sale,0,0.0
user_332,2023-02-22 22:00:00,Search,Winter_Special,1,159.03
user_333,2023-02-23 14:00:00,Direct,Winter_Special,0,0.0
user_333,2023-02-24 14:00:00,Direct,Always_On,0,0.0
user_333,2023-02-25 18:00:00,Direct,Always_On,0,0.0
user_333,2023-02-26 03:00:00,Social,Winter_Special,0,0.0
user_333,2023-02-27 11:00:00,Email,Always_On,0,0.0
user_333,2023-02-28 03:00:00,Display,Always_On,0,0.0
user_333,2023-03-01 22:00:00,Social,Always_On,0,0.0
user_334,2023-01-13 09:00:00,Direct,Summer_Promo,0,0.0
user_334,2023-01-14 18:00:00,Email,Winter_Special,0,0.0
user_334,2023-01-15 16:00:00,Search,Winter_Special,0,0.0
user_334,2023-01-16 16:00:00,Direct,Always_On,1,166.17
user_335,2023-01-31 07:00:00,Display,Always_On,0,0.0
user_335,2023-02-01 17:00:00,Email,Winter_Special,1,164.28
user_336,2023-01-29 03:00:00,Email,Spring_Sale,0,0.0
user_337,2023-02-26 20:00:00,Search,Summer_Promo,0,0.0
user_337,2023-02-27 05:00:00,Display,Winter_Special,0,0.0
user_337,2023-02-28 23:00:00,Display,Always_On,0,0.0
user_337,2023-03-01 18:00:00,Search,Always_On,0,0.0
user_337,2023-03-02 02:00:00,Search,Always_On,0,0.0
user_337,2023-03-03 07:00:00,Email,Spring_Sale,0,0.0
user_338,2023-02-14 11:00:00,Display,Winter_Special,0,0.0
user_338,2023-02-15 20:00:00,Direct,Fall_Discount,0,0.0
user_338,2023-02-16 01:00:00,Search,Spring_Sale,0,0.0
user_338,2023-02-17 19:00:00,Social,Summer_Promo,0,0.0
user_338,2023-02-18 03:00:00,Email,Summer_Promo,0,0.0
user_338,2023-02-19 20:00:00,Direct,Summer_Promo,0,0.0
user_339,2023-01-17 03:00:00,Display,Always_On,0,0.0
user_339,2023-01-18 03:00:00,Direct,Winter_Special,0,0.0
user_339,2023-01-19 18:00:00,Search,Winter_Special,0,0.0
user_339,2023-01-20 09:00:00,Direct,Summer_Promo,0,0.0
user_339,2023-01-21 16:00:00,Display,Summer_Promo,0,0.0
user_339,2023-01-22 22:00:00,Email,Fall_Discount,0,0.0
user_339,2023-01-23 14:00:00,Display,Spring_Sale,0,0.0
user_34,2023-02-08 05:00:00,Display,Summer_Promo,0,0.0
user_34,2023-02-09 18:00:00,Social,Fall_Discount,0,0.0
user_34,2023-02-10 05:00:00,Display,Spring_Sale,0,0.0
user_340,2023-01-22 12:00:00,Email,Fall_Discount,0,0.0
user_340,2023-01-23 16:00:00,Search,Always_On,0,0.0
user_340,2023-01-24 06:00:00,Social,Fall_Discount,0,0.0
user_341,2023-02-17 17:00:00,Email,Winter_Special,0,0.0
user_341,2023-02-18 17:00:00,Search,Always_On,0,0.0
user_342,2023-01-31 17:00:00,Social,Winter_Special,0,0.0
user_342,2023-02-01 08:00:00,Email,Spring_Sale,0,0.0
user_342,2023-02-02 17:00:00,Email,Fall_Discount,0,0.0
user_342,2023-02-03 06:00:00,Display,Winter_Special,0,0.0
user_342,2023-02-04 11:00:00,Search,Winter_Special,0,0.0
user_342,2023-02-05 05:00:00,Display,Always_On,0,0.0
user_343,2023-01-25 11:00:00,Search,Spring_Sale,0,0.0
user_343,2023-01-26 09:00:00,Display,Summer_Promo,0,0.0
user_343,2023-01-27 01:00:00,Display,Summer_Promo,0,0.0
user_343,2023-01-28 16:00:00,Display,Summer_Promo,0,0.0
user_343,2023-01-29 22:00:00,Search,Fall_Discount,0,0.0
user_343,2023-01-30 05:00:00,Social,Summer_Promo,0,0.0
user_343,2023-01-31 11:00:00,Email,Summer_Promo,0,0.0
user_343,2023-02-01 17:00:00,Social,Always_On,0,0.0
user_344,2023-01-22 02:00:00,Social,Fall_Discount,0,0.0
user_344,2023-01-23 06:00:00,Direct,Spring_Sale,0,0.0
user_344,2023-01-24 09:00:00,Social,Winter_Special,0,0.0
user_345,2023-02-21 09:00:00,Email,Always_On,1,126.37
user_346,2023-01-24 02:00:00,Display,Fall_Discount,0,0.0
user_346,2023-01-25 07:00:00,Search,Always_On,0,0.0
user_346,2023-01-26 07:00:00,Email,Winter_Special,1,161.99
user_347,2023-01-17 02:00:00,Display,Spring_Sale,0,0.0
user_347,2023-01-18 12:00:00,Social,Spring_Sale,0,0.0
user_347,2023-01-19 10:00:00,Display,Winter_Special,0,0.0
user_347,2023-01-20 02:00:00,Email,Fall_Discount,0,0.0
user_347,2023-01-21 19:00:00,Display,Always_On,0,0.0
user_347,2023-01-22 20:00:00,Direct,Spring_Sale,0,0.0
user_348,2023-01-10 07:00:00,Search,Spring_Sale,0,0.0
user_348,2023-01-11 02:00:00,Direct,Fall_Discount,0,0.0
user_348,2023-01-12 06:00:00,Social,Fall_Discount,0,0.0
user_348,2023-01-13 19:00:00,Social,Summer_Promo,0,0.0
user_348,2023-01-14 06:00:00,Email,Always_On,0,0.0
user_348,2023-01-15 01:00:00,Search,Winter_Special,0,0.0
user_348,2023-01-16 06:00:00,Search,Winter_Special,0,0.0
user_348,2023-01-17 05:00:00,Direct,Fall_Discount,0,0.0
user_349,2023-02-07 14:00:00,Social,Winter_Special,0,0.0
user_349,2023-02-08 16:00:00,Direct,Always_On,0,0.0
user_349,2023-02-09 06:00:00,Social,Always_On,0,0.0
user_349,2023-02-10 18:00:00,Direct,Always_On,0,0.0
user_349,2023-02-11 15:00:00,Social,Summer_Promo,0,0.0
user_349,2023-02-12 01:00:00,Search,Fall_Discount,0,0.0
user_35,2023-02-11 04:00:00,Email,Spring_Sale,0,0.0
user_35,2023-02-12 09:00:00,Social,Spring_Sale,0,0.0
user_35,2023-02-13 01:00:00,Display,Always_On,0,0.0
user_35,2023-02-14 10:00:00,Social,Always_On,0,0.0
user_35,2023-02-15 14:00:00,Email,Fall_Discount,0,0.0
user_35,2023-02-16 07:00:00,Email,Winter_Special,0,0.0
user_35,2023-02-17 02:00:00,Search,Fall_Discount,0,0.0
user_350,2023-01-16 22:00:00,Email,Always_On,0,0.0
user_350,2023-01-17 23:00:00,Direct,Winter_Special,0,0.0
user_350,2023-01-18 06:00:00,Social,Always_On,0,0.0
user_350,2023-01-19 05:00:00,Direct,Fall_Discount,0,0.0
user_350,2023-01-20 20:00:00,Display,Summer_Promo,0,0.0
user_350,2023-01-21 08:00:00,Social,Fall_Discount,0,0.0
user_350,2023-01-22 18:00:00,Direct,Summer_Promo,0,0.0
user_350,2023-01-23 19:00:00,Email,Always_On,0,0.0
user_350,2023-01-24 00:00:00,Social,Fall_Discount,0,0.0
user_351,2023-02-15 03:00:00,Social,Fall_Discount,0,0.0
user_351,2023-02-16 00:00:00,Social,Fall_Discount,0,0.0
user_351,2023-02-17 06:00:00,Email,Winter_Special,0,0.0
user_351,2023-02-18 02:00:00,Email,Winter_Special,0,0.0
user_351,2023-02-19 11:00:00,Social,Summer_Promo,0,0.0
user_351,2023-02-20 08:00:00,Social,Always_On,0,0.0
user_352,2023-01-31 11:00:00,Social,Summer_Promo,0,0.0
user_352,2023-02-01 14:00:00,Direct,Spring_Sale,0,0.0
user_352,2023-02-02 09:00:00,Search,Fall_Discount,0,0.0
user_352,2023-02-03 20:00:00,Social,Always_On,0,0.0
user_352,2023-02-04 07:00:00,Display,Summer_Promo,0,0.0
user_352,2023-02-05 15:00:00,Email,Spring_Sale,0,0.0
user_353,2023-02-16 20:00:00,Direct,Fall_Discount,0,0.0
user_353,2023-02-17 05:00:00,Email,Summer_Promo,0,0.0
user_353,2023-02-18 20:00:00,Email,Spring_Sale,0,0.0
user_353,2023-02-19 21:00:00,Direct,Fall_Discount,0,0.0
user_354,2023-01-20 15:00:00,Social,Summer_Promo,0,0.0
user_354,2023-01-21 21:00:00,Social,Summer_Promo,0,0.0
user_354,2023-01-22 21:00:00,Display,Always_On,0,0.0
user_354,2023-01-23 15:00:00,Search,Always_On,0,0.0
user_354,2023-01-24 08:00:00,Direct,Spring_Sale,0,0.0
user_354,2023-01-25 18:00:00,Email,Always_On,0,0.0
user_354,2023-01-26 07:00:00,Display,Winter_Special,0,0.0
user_354,2023-01-27 06:00:00,Direct,Summer_Promo,0,0.0
user_355,2023-01-27 08:00:00,Social,Summer_Promo,0,0.0
user_355,2023-01-28 09:00:00,Search,Summer_Promo,0,0.0
user_355,2023-01-29 05:00:00,Direct,Fall_Discount,0,0.0
user_355,2023-01-30 17:00:00,Direct,Summer_Promo,0,0.0
user_355,2023-01-31 19:00:00,Display,Always_On,0,0.0
user_355,2023-02-01 00:00:00,Display,Spring_Sale,0,0.0
user_355,2023-02-02 19:00:00,Search,Always_On,0,0.0
user_355,2023-02-03 13:00:00,Search,Fall_Discount,0,0.0
user_355,2023-02-04 12:00:00,Display,Always_On,0,0.0
user_356,2023-01-24 15:00:00,Display,Winter_Special,0,0.0
user_356,2023-01-25 18:00:00,Email,Spring_Sale,0,0.0
user_356,2023-01-26 10:00:00,Search,Summer_Promo,0,0.0
user_357,2023-01-04 02:00:00,Email,Always_On,0,0.0
user_357,2023-01-05 01:00:00,Email,Summer_Promo,0,0.0
user_357,2023-01-06 22:00:00,Social,Summer_Promo,0,0.0
user_358,2023-01-03 00:00:00,Display,Spring_Sale,0,0.0
user_358,2023-01-04 06:00:00,Social,Spring_Sale,0,0.0
user_358,2023-01-05 20:00:00,Display,Summer_Promo,0,0.0
user_358,2023-01-06 00:00:00,Display,Always_On,0,0.0
user_358,2023-01-07 22:00:00,Email,Winter_Special,1,113.44
user_359,2023-01-05 12:00:00,Email,Fall_Discount,0,0.0
user_36,2023-02-27 20:00:00,Email,Fall_Discount,0,0.0
user_36,2023-02-28 21:00:00,Display,Summer_Promo,0,0.0
user_360,2023-02-05 03:00:00,Display,Winter_Special,0,0.0
user_360,2023-02-06 15:00:00,Social,Summer_Promo,0,0.0
user_360,2023-02-07 03:00:00,Social,Always_On,0,0.0
user_360,2023-02-08 20:00:00,Direct,Summer_Promo,0,0.0
user_360,2023-02-09 08:00:00,Display,Fall_Discount,0,0.0
user_361,2023-02-06 15:00:00,Social,Winter_Special,0,0.0
user_362,2023-02-04 14:00:00,Social,Summer_Promo,0,0.0
user_363,2023-02-20 04:00:00,Search,Fall_Discount,0,0.0
user_363,2023-02-21 06:00:00,Display,Winter_Special,0,0.0
user_364,2023-01-05 09:00:00,Search,Summer_Promo,0,0.0
user_364,2023-01-06 04:00:00,Email,Spring_Sale,0,0.0
user_364,2023-01-07 00:00:00,Search,Spring_Sale,0,0.0
user_365,2023-01-09 17:00:00,Search,Always_On,0,0.0
user_365,2023-01-10 14:00:00,Social,Always_On,0,0.0
user_366,2023-02-19 11:00:00,Search,Spring_Sale,0,0.0
user_366,2023-02-20 18:00:00,Email,Fall_Discount,0,0.0
user_367,2023-02-14 19:00:00,Social,Summer_Promo,0,0.0
user_367,2023-02-15 05:00:00,Search,Spring_Sale,0,0.0
user_367,2023-02-16 19:00:00,Search,Winter_Special,0,0.0
user_367,2023-02-17 11:00:00,Display,Summer_Promo,0,0.0
user_367,2023-02-18 08:00:00,Direct,Always_On,0,0.0
user_367,2023-02-19 17:00:00,Search,Fall_Discount,0,0.0
user_368,2023-01-26 08:00:00,Search,Always_On,0,0.0
user_368,2023-01-27 18:00:00,Email,Winter_Special,0,0.0
user_368,2023-01-28 22:00:00,Display,Fall_Discount,0,0.0
user_369,2023-02-23 11:00:00,Search,Winter_Special,0,0.0
user_369,2023-02-24 13:00:00,Social,Always_On,0,0.0
user_37,2023-01-05 13:00:00,Search,Winter_Special,0,0.0
user_370,2023-02-12 04:00:00,Search,Summer_Promo,0,0.0
user_370,2023-02-13 02:00:00,Email,Always_On,0,0.0
user_370,2023-02-14 16:00:00,Direct,Fall_Discount,0,0.0
user_370,2023-02-15 01:00:00,Search,Winter_Special,0,0.0
user_370,2023-02-16 17:00:00,Social,Summer_Promo,0,0.0
user_370,2023-02-17 21:00:00,Display,Winter_Special,0,0.0
user_370,2023-02-18 07:00:00,Social,Fall_Discount,0,0.0
user_370,2023-02-19 19:00:00,Search,Fall_Discount,0,0.0
user_371,2023-01-05 22:00:00,Email,Fall_Discount,0,0.0
user_371,2023-01-06 18:00:00,Social,Fall_Discount,0,0.0
user_371,2023-01-07 06:00:00,Social,Always_On,0,0.0
user_372,2023-01-19 00:00:00,Direct,Fall_Discount,0,0.0
user_373,2023-01-07 07:00:00,Social,Winter_Special,0,0.0
user_373,2023-01-08 04:00:00,Display,Always_On,0,0.0
user_373,2023-01-09 00:00:00,Direct,Always_On,0,0.0
user_373,2023-01-10 17:00:00,Search,Fall_Discount,0,0.0
user_373,2023-01-11 06:00:00,Social,Always_On,0,0.0
user_373,2023-01-12 05:00:00,Search,Spring_Sale,0,0.0
user_373,2023-01-13 23:00:00,Social,Summer_Promo,0,0.0
user_374,2023-01-08 16:00:00,Display,Summer_Promo,0,0.0
user_374,2023-01-09 05:00:00,Direct,Summer_Promo,0,0.0
user_374,2023-01-10 02:00:00,Social,Winter_Special,0,0.0
user_374,2023-01-11 12:00:00,Email,Summer_Promo,0,0.0
user_374,2023-01-12 22:00:00,Social,Always_On,0,0.0
user_374,2023-01-13 12:00:00,Display,Summer_Promo,0,0.0
user_374,2023-01-14 02:00:00,Social,Summer_Promo,0,0.0
user_374,2023-01-15 05:00:00,Social,Fall_Discount,0,0.0
user_374,2023-01-16 02:00:00,Search,Fall_Discount,0,0.0
user_375,2023-02-21 02:00:00,Display,Always_On,0,0.0
user_375,2023-02-22 00:00:00,Display,Always_On,0,0.0
user_375,2023-02-23 11:00:00,Direct,Summer_Promo,0,0.0
user_375,2023-02-24 12:00:00,Social,Always_On,0,0.0
user_375,2023-02-25 10:00:00,Email,Winter_Special,0,0.0
user_375,2023-02-26 15:00:00,Direct,Fall_Discount,0,0.0
user_375,2023-02-27 08:00:00,Display,Summer_Promo,0,0.0
user_375,2023-02-28 18:00:00,Social,Spring_Sale,0,0.0
user_375,2023-03-01 07:00:00,Social,Fall_Discount,0,0.0
user_376,2023-02-27 20:00:00,Search,Spring_Sale,0,0.0
user_376,2023-02-28 08:00:00,Social,Summer_Promo,0,0.0
user_376,2023-03-01 00:00:00,Direct,Spring_Sale,0,0.0
user_377,2023-02-24 12:00:00,Display,Winter_Special,0,0.0
user_377,2023-02-25 19:00:00,Email,Summer_Promo,0,0.0
user_377,2023-02-26 23:00:00,Display,Summer_Promo,0,0.0
user_377,2023-02-27 20:00:00,Direct,Spring_Sale,0,0.0
user_377,2023-02-28 16:00:00,Email,Fall_Discount,0,0.0
user_377,2023-03-01 18:00:00,Search,Always_On,0,0.0
user_378,2023-02-26 02:00:00,Social,Spring_Sale,0,0.0
user_378,2023-02-27 04:00:00,Direct,Always_On,0,0.0
user_378,2023-02-28 19:00:00,Direct,Always_On,0,0.0
user_378,2023-03-01 01:00:00,Display,Summer_Promo,0,0.0
user_378,2023-03-02 02:00:00,Social,Spring_Sale,0,0.0
user_378,2023-03-03 12:00:00,Email,Always_On,0,0.0
user_378,2023-03-04 18:00:00,Search,Spring_Sale,0,0.0
user_379,2023-02-03 14:00:00,Direct,Spring_Sale,0,0.0
user_379,2023-02-04 19:00:00,Display,Always_On,0,0.0
user_379,2023-02-05 19:00:00,Search,Summer_Promo,0,0.0
user_379,2023-02-06 11:00:00,Social,Winter_Special,0,0.0
user_379,2023-02-07 13:00:00,Social,Spring_Sale,0,0.0
user_38,2023-01-26 21:00:00,Search,Spring_Sale,0,0.0
user_38,2023-01-27 16:00:00,Email,Always_On,0,0.0
user_38,2023-01-28 02:00:00,Search,Spring_Sale,0,0.0
user_38,2023-01-29 22:00:00,Social,Winter_Special,0,0.0
user_38,2023-01-30 13:00:00,Social,Always_On,0,0.0
user_38,2023-01-31 14:00:00,Email,Fall_Discount,0,0.0
user_38,2023-02-01 12:00:00,Email,Winter_Special,0,0.0
user_38,2023-02-02 14:00:00,Email,Fall_Discount,1,160.61
user_380,2023-02-17 07:00:00,Display,Spring_Sale,0,0.0
user_380,2023-02-18 17:00:00,Social,Always_On,0,0.0
user_380,2023-02-19 21:00:00,Search,Always_On,0,0.0
user_380,2023-02-20 16:00:00,Social,Summer_Promo,0,0.0
user_380,2023-02-21 04:00:00,Display,Summer_Promo,0,0.0
user_380,2023-02-22 17:00:00,Email,Summer_Promo,0,0.0
user_380,2023-02-23 00:00:00,Direct,Spring_Sale,0,0.0
user_380,2023-02-24 10:00:00,Search,Spring_Sale,0,0.0
user_381,2023-01-30 06:00:00,Email,Always_On,0,0.0
user_381,2023-01-31 06:00:00,Social,Spring_Sale,0,0.0
user_381,2023-02-01 21:00:00,Search,Spring_Sale,0,0.0
user_381,2023-02-02 23:00:00,Email,Fall_Discount,0,0.0
user_382,2023-01-25 09:00:00,Display,Summer_Promo,0,0.0
user_382,2023-01-26 15:00:00,Email,Fall_Discount,0,0.0
user_382,2023-01-27 15:00:00,Direct,Spring_Sale,0,0.0
user_382,2023-01-28 15:00:00,Email,Summer_Promo,0,0.0
user_383,2023-02-18 10:00:00,Direct,Summer_Promo,0,0.0
user_383,2023-02-19 05:00:00,Search,Spring_Sale,0,0.0
user_383,2023-02-20 01:00:00,Display,Spring_Sale,0,0.0
user_384,2023-02-07 05:00:00,Email,Winter_Special,0,0.0
user_384,2023-02-08 05:00:00,Search,Always_On,0,0.0
user_384,2023-02-09 13:00:00,Direct,Summer_Promo,0,0.0
user_384,2023-02-10 09:00:00,Social,Fall_Discount,0,0.0
user_384,2023-02-11 15:00:00,Display,Summer_Promo,0,0.0
user_385,2023-01-27 19:00:00,Search,Fall_Discount,0,0.0
user_385,2023-01-28 08:00:00,Social,Always_On,0,0.0
user_385,2023-01-29 21:00:00,Display,Summer_Promo,0,0.0
user_385,2023-01-30 02:00:00,Direct,Winter_Special,0,0.0
user_385,2023-01-31 15:00:00,Email,Spring_Sale,0,0.0
user_385,2023-02-01 14:00:00,Email,Winter_Special,0,0.0
user_386,2023-02-06 10:00:00,Direct,Summer_Promo,0,0.0
user_386,2023-02-07 14:00:00,Social,Winter_Special,0,0.0
user_386,2023-02-08 18:00:00,Social,Fall_Discount,0,0.0
user_386,2023-02-09 07:00:00,Social,Fall_Discount,0,0.0
user_386,2023-02-10 22:00:00,Direct,Summer_Promo,0,0.0
user_387,2023-01-10 02:00:00,Email,Spring_Sale,0,0.0
user_387,2023-01-11 02:00:00,Display,Winter_Special,0,0.0
user_387,2023-01-12 06:00:00,Display,Fall_Discount,0,0.0
user_387,2023-01-13 14:00:00,Social,Fall_Discount,0,0.0
user_387,2023-01-14 19:00:00,Direct,Winter_Special,0,0.0
user_387,2023-01-15 04:00:00,Social,Always_On,0,0.0
user_388,2023-01-09 02:00:00,Search,Fall_Discount,0,0.0
user_388,2023-01-10 00:00:00,Social,Summer_Promo,0,0.0
user_388,2023-01-11 10:00:00,Search,Spring_Sale,0,0.0
user_388,2023-01-12 03:00:00,Email,Winter_Special,0,0.0
user_388,2023-01-13 14:00:00,Social,Summer_Promo,0,0.0
user_388,2023-01-14 13:00:00,Search,Winter_Special,1,170.4
user_389,2023-02-20 23:00:00,Email,Summer_Promo,0,0.0
user_389,2023-02-21 21:00:00,Social,Fall_Discount,0,0.0
user_389,2023-02-22 11:00:00,Search,Summer_Promo,0,0.0
user_389,2023-02-23 07:00:00,Email,Winter_Special,0,0.0
user_389,2023-02-24 10:00:00,Direct,Summer_Promo,0,0.0
user_389,2023-02-25 09:00:00,Email,Winter_Special,0,0.0
user_39,2023-02-26 11:00:00,Search,Summer_Promo,0,0.0
user_39,2023-02-27 03:00:00,Direct,Winter_Special,0,0.0
user_39,2023-02-28 17:00:00,Search,Always_On,0,0.0
user_39,2023-03-01 11:00:00,Social,Spring_Sale,0,0.0
user_39,2023-03-02 05:00:00,Search,Always_On,0,0.0
user_39,2023-03-03 23:00:00,Social,Fall_Discount,0,0.0
user_39,2023-03-04 00:00:00,Direct,Spring_Sale,1,83.8
user_390,2023-01-14 23:00:00,Social,Winter_Special,0,0.0
user_390,2023-01-15 07:00:00,Direct,Always_On,0,0.0
user_391,2023-01-05 01:00:00,Search,Spring_Sale,0,0.0
user_391,2023-01-06 04:00:00,Social,Spring_Sale,0,0.0
user_391,2023-01-07 13:00:00,Display,Winter_Special,0,0.0
user_391,2023-01-08 17:00:00,Display,Summer_Promo,0,0.0
user_392,2023-01-07 02:00:00,Display,Always_On,0,0.0
user_392,2023-01-08 19:00:00,Social,Summer_Promo,0,0.0
user_392,2023-01-09 07:00:00,Display,Fall_Discount,0,0.0
user_392,2023-01-10 09:00:00,Direct,Summer_Promo,0,0.0
user_392,2023-01-11 17:00:00,Search,Fall_Discount,0,0.0
user_392,2023-01-12 19:00:00,Direct,Summer_Promo,0,0.0
user_392,2023-01-13 06:00:00,Search,Fall_Discount,0,0.0
user_392,2023-01-14 03:00:00,Email,Summer_Promo,0,0.0
user_392,2023-01-15 14:00:00,Display,Always_On,0,0.0
user_393,2023-01-30 08:00:00,Email,Always_On,0,0.0
user_393,2023-01-31 21:00:00,Social,Winter_Special,0,0.0
user_393,2023-02-01 01:00:00,Email,Winter_Special,0,0.0
user_394,2023-01-29 01:00:00,Search,Summer_Promo,0,0.0
user_394,2023-01-30 00:00:00,Direct,Winter_Special,0,0.0
user_395,2023-02-14 00:00:00,Email,Fall_Discount,0,0.0
user_395,2023-02-15 16:00:00,Search,Always_On,0,0.0
user_395,2023-02-16 01:00:00,Search,Summer_Promo,0,0.0
user_395,2023-02-17 06:00:00,Email,Summer_Promo,0,0.0
user_395,2023-02-18 02:00:00,Display,Summer_Promo,0,0.0
user_395,2023-02-19 15:00:00,Social,Fall_Discount,0,0.0
user_395,2023-02-20 16:00:00,Email,Fall_Discount,0,0.0
user_395,2023-02-21 07:00:00,Direct,Fall_Discount,0,0.0
user_396,2023-02-02 08:00:00,Display,Always_On,0,0.0
user_397,2023-01-29 20:00:00,Direct,Always_On,0,0.0
user_398,2023-02-25 12:00:00,Email,Spring_Sale,0,0.0
user_398,2023-02-26 08:00:00,Search,Summer_Promo,0,0.0
user_398,2023-02-27 11:00:00,Email,Fall_Discount,0,0.0
user_398,2023-02-28 10:00:00,Search,Spring_Sale,0,0.0
user_398,2023-03-01 13:00:00,Display,Always_On,0,0.0
user_398,2023-03-02 11:00:00,Search,Winter_Special,0,0.0
user_399,2023-01-31 19:00:00,Email,Winter_Special,1,91.05
user_4,2023-02-13 16:00:00,Email,Fall_Discount,0,0.0
user_40,2023-02-24 23:00:00,Display,Fall_Discount,0,0.0
user_40,2023-02-25 07:00:00,Email,Fall_Discount,0,0.0
user_40,2023-02-26 10:00:00,Social,Winter_Special,0,0.0
user_40,2023-02-27 01:00:00,Search,Fall_Discount,0,0.0
user_40,2023-02-28 12:00:00,Social,Fall_Discount,0,0.0
user_40,2023-03-01 18:00:00,Social,Winter_Special,0,0.0
user_400,2023-02-02 06:00:00,Social,Always_On,0,0.0
user_400,2023-02-03 15:00:00,Email,Summer_Promo,0,0.0
user_400,2023-02-04 01:00:00,Search,Spring_Sale,0,0.0
user_400,2023-02-05 23:00:00,Display,Spring_Sale,0,0.0
user_400,2023-02-06 17:00:00,Social,Always_On,0,0.0
user_400,2023-02-07 19:00:00,Email,Spring_Sale,0,0.0
user_400,2023-02-08 22:00:00,Direct,Spring_Sale,0,0.0
user_400,2023-02-09 12:00:00,Email,Spring_Sale,0,0.0
user_401,2023-02-17 21:00:00,Social,Fall_Discount,0,0.0
user_401,2023-02-18 18:00:00,Display,Fall_Discount,0,0.0
user_401,2023-02-19 06:00:00,Email,Always_On,0,0.0
user_401,2023-02-20 19:00:00,Social,Spring_Sale,0,0.0
user_401,2023-02-21 11:00:00,Search,Summer_Promo,0,0.0
user_402,2023-01-23 16:00:00,Display,Summer_Promo,0,0.0
user_402,2023-01-24 19:00:00,Direct,Summer_Promo,0,0.0
user_402,2023-01-25 08:00:00,Email,Always_On,0,0.0
user_402,2023-01-26 11:00:00,Display,Winter_Special,0,0.0
user_402,2023-01-27 15:00:00,Search,Summer_Promo,0,0.0
user_402,2023-01-28 14:00:00,Search,Summer_Promo,0,0.0
user_402,2023-01-29 10:00:00,Social,Winter_Special,0,0.0
user_402,2023-01-30 04:00:00,Social,Spring_Sale,0,0.0
user_403,2023-01-25 21:00:00,Social,Winter_Special,0,0.0
user_403,2023-01-26 11:00:00,Social,Spring_Sale,0,0.0
user_403,2023-01-27 04:00:00,Email,Winter_Special,0,0.0
user_403,2023-01-28 15:00:00,Social,Fall_Discount,0,0.0
user_403,2023-01-29 18:00:00,Email,Winter_Special,0,0.0
user_403,2023-01-30 01:00:00,Direct,Summer_Promo,0,0.0
user_403,2023-01-31 21:00:00,Search,Fall_Discount,0,0.0
user_403,2023-02-01 16:00:00,Social,Summer_Promo,1,124.88
user_404,2023-01-07 02:00:00,Search,Always_On,0,0.0
user_404,2023-01-08 16:00:00,Display,Summer_Promo,0,0.0
user_404,2023-01-09 09:00:00,Display,Spring_Sale,0,0.0
user_404,2023-01-10 11:00:00,Social,Always_On,0,0.0
user_404,2023-01-11 03:00:00,Email,Spring_Sale,0,0.0
user_404,2023-01-12 05:00:00,Social,Fall_Discount,0,0.0
user_404,2023-01-13 03:00:00,Search,Summer_Promo,0,0.0
user_404,2023-01-14 07:00:00,Display,Always_On,0,0.0
user_405,2023-02-22 14:00:00,Email,Fall_Discount,0,0.0
user_405,2023-02-23 15:00:00,Social,Winter_Special,0,0.0
user_406,2023-02-18 09:00:00,Display,Always_On,0,0.0
user_407,2023-01-01 20:00:00,Search,Winter_Special,0,0.0
user_407,2023-01-02 16:00:00,Search,Summer_Promo,0,0.0
user_407,2023-01-03 23:00:00,Search,Summer_Promo,1,62.71
user_408,2023-02-05 12:00:00,Display,Spring_Sale,0,0.0
user_408,2023-02-06 06:00:00,Social,Always_On,0,0.0
user_408,2023-02-07 01:00:00,Search,Winter_Special,0,0.0
user_408,2023-02-08 01:00:00,Direct,Always_On,0,0.0
user_409,2023-01-11 10:00:00,Social,Winter_Special,0,0.0
user_409,2023-01-12 04:00:00,Direct,Always_On,0,0.0
user_409,2023-01-13 18:00:00,Display,Winter_Special,0,0.0
user_409,2023-01-14 01:00:00,Direct,Always_On,0,0.0
user_409,2023-01-15 06:00:00,Email,Always_On,0,0.0
user_409,2023-01-16 10:00:00,Email,Fall_Discount,0,0.0
user_409,2023-01-17 05:00:00,Email,Winter_Special,0,0.0
user_409,2023-01-18 06:00:00,Direct,Always_On,0,0.0
user_409,2023-01-19 18:00:00,Search,Spring_Sale,0,0.0
user_41,2023-02-18 13:00:00,Display,Spring_Sale,0,0.0
user_41,2023-02-19 03:00:00,Direct,Fall_Discount,0,0.0
user_41,2023-02-20 05:00:00,Email,Spring_Sale,0,0.0
user_41,2023-02-21 22:00:00,Social,Always_On,0,0.0
user_410,2023-01-01 19:00:00,Direct,Always_On,0,0.0
user_411,2023-01-18 16:00:00,Search,Fall_Discount,0,0.0
user_411,2023-01-19 04:00:00,Direct,Winter_Special,0,0.0
user_411,2023-01-20 01:00:00,Search,Always_On,0,0.0
user_412,2023-01-04 20:00:00,Display,Winter_Special,0,0.0
user_412,2023-01-05 22:00:00,Direct,Spring_Sale,0,0.0
user_412,2023-01-06 16:00:00,Search,Winter_Special,0,0.0
user_412,2023-01-07 07:00:00,Display,Always_On,0,0.0
user_412,2023-01-08 00:00:00,Search,Fall_Discount,0,0.0
user_413,2023-03-01 21:00:00,Social,Summer_Promo,0,0.0
user_413,2023-03-02 00:00:00,Email,Always_On,0,0.0
user_413,2023-03-03 13:00:00,Direct,Fall_Discount,0,0.0
user_413,2023-03-04 02:00:00,Email,Spring_Sale,0,0.0
user_413,2023-03-05 11:00:00,Display,Winter_Special,0,0.0
user_413,2023-03-06 20:00:00,Search,Spring_Sale,0,0.0
user_414,2023-01-11 01:00:00,Search,Spring_Sale,0,0.0
user_414,2023-01-12 05:00:00,Email,Winter_Special,0,0.0
user_414,2023-01-13 22:00:00,Display,Fall_Discount,0,0.0
user_414,2023-01-14 12:00:00,Social,Spring_Sale,0,0.0
user_415,2023-01-06 23:00:00,Social,Spring_Sale,0,0.0
user_416,2023-02-20 09:00:00,Direct,Fall_Discount,0,0.0
user_416,2023-02-21 11:00:00,Display,Summer_Promo,0,0.0
user_416,2023-02-22 17:00:00,Display,Summer_Promo,0,0.0
user_416,2023-02-23 19:00:00,Email,Winter_Special,0,0.0
user_416,2023-02-24 08:00:00,Direct,Summer_Promo,0,0.0
user_416,2023-02-25 08:00:00,Search,Always_On,0,0.0
user_416,2023-02-26 10:00:00,Social,Fall_Discount,0,0.0
user_416,2023-02-27 14:00:00,Email,Fall_Discount,0,0.0
user_417,2023-02-16 17:00:00,Search,Summer_Promo,0,0.0
user_417,2023-02-17 19:00:00,Social,Summer_Promo,0,0.0
user_417,2023-02-18 01:00:00,Social,Winter_Special,0,0.0
user_417,2023-02-19 10:00:00,Social,Always_On,0,0.0
user_417,2023-02-20 01:00:00,Search,Fall_Discount,0,0.0
user_417,2023-02-21 23:00:00,Direct,Always_On,0,0.0
user_418,2023-01-20 00:00:00,Social,Spring_Sale,0,0.0
user_418,2023-01-21 10:00:00,Display,Always_On,0,0.0
user_418,2023-01-22 23:00:00,Direct,Always_On,0,0.0
user_418,2023-01-23 16:00:00,Social,Spring_Sale,0,0.0
user_418,2023-01-24 04:00:00,Email,Fall_Discount,0,0.0
user_418,2023-01-25 10:00:00,Social,Winter_Special,0,0.0
user_419,2023-01-01 09:00:00,Direct,Summer_Promo,0,0.0
user_419,2023-01-02 08:00:00,Display,Fall_Discount,0,0.0
user_419,2023-01-03 08:00:00,Search,Spring_Sale,0,0.0
user_42,2023-01-13 00:00:00,Social,Winter_Special,0,0.0
user_42,2023-01-14 08:00:00,Search,Spring_Sale,0,0.0
user_420,2023-02-05 03:00:00,Display,Always_On,0,0.0
user_420,2023-02-06 09:00:00,Social,Winter_Special,0,0.0
user_420,2023-02-07 15:00:00,Search,Fall_Discount,0,0.0
user_421,2023-01-16 18:00:00,Direct,Spring_Sale,0,0.0
user_421,2023-01-17 16:00:00,Email,Always_On,0,0.0
user_421,2023-01-18 00:00:00,Direct,Always_On,0,0.0
user_421,2023-01-19 17:00:00,Display,Winter_Special,1,112.5
user_422,2023-01-04 12:00:00,Direct,Winter_Special,0,0.0
user_422,2023-01-05 23:00:00,Social,Always_On,0,0.0
user_422,2023-01-06 18:00:00,Search,Summer_Promo,0,0.0
user_422,2023-01-07 06:00:00,Email,Spring_Sale,0,0.0
user_422,2023-01-08 20:00:00,Search,Summer_Promo,0,0.0
user_422,2023-01-09 04:00:00,Email,Spring_Sale,0,0.0
user_422,2023-01-10 08:00:00,Search,Winter_Special,0,0.0
user_422,2023-01-11 16:00:00,Social,Spring_Sale,0,0.0
user_423,2023-02-06 13:00:00,Social,Spring_Sale,0,0.0
user_423,2023-02-07 03:00:00,Direct,Summer_Promo,0,0.0
user_423,2023-02-08 15:00:00,Display,Winter_Special,0,0.0
user_423,2023-02-09 04:00:00,Email,Summer_Promo,0,0.0
user_423,2023-02-10 09:00:00,Social,Summer_Promo,0,0.0
user_423,2023-02-11 00:00:00,Search,Always_On,0,0.0
user_424,2023-01-10 13:00:00,Search,Summer_Promo,0,0.0
user_424,2023-01-11 09:00:00,Social,Always_On,0,0.0
user_424,2023-01-12 00:00:00,Search,Always_On,0,0.0
user_424,2023-01-13 22:00:00,Search,Winter_Special,0,0.0
user_425,2023-02-18 13:00:00,Social,Always_On,0,0.0
user_426,2023-02-28 09:00:00,Search,Spring_Sale,0,0.0
user_426,2023-03-01 17:00:00,Direct,Fall_Discount,0,0.0
user_426,2023-03-02 19:00:00,Search,Fall_Discount,0,0.0
user_427,2023-02-06 03:00:00,Search,Winter_Special,0,0.0
user_427,2023-02-07 08:00:00,Search,Fall_Discount,0,0.0
user_428,2023-02-12 01:00:00,Social,Summer_Promo,0,0.0
user_428,2023-02-13 00:00:00,Social,Winter_Special,0,0.0
user_429,2023-01-13 07:00:00,Direct,Winter_Special,0,0.0
user_429,2023-01-14 18:00:00,Direct,Summer_Promo,0,0.0
user_43,2023-02-07 04:00:00,Email,Spring_Sale,0,0.0
user_43,2023-02-08 13:00:00,Display,Summer_Promo,0,0.0
user_43,2023-02-09 01:00:00,Email,Spring_Sale,0,0.0
user_43,2023-02-10 07:00:00,Email,Spring_Sale,0,0.0
user_43,2023-02-11 07:00:00,Display,Always_On,0,0.0
user_43,2023-02-12 02:00:00,Direct,Winter_Special,0,0.0
user_43,2023-02-13 13:00:00,Direct,Fall_Discount,0,0.0
user_43,2023-02-14 12:00:00,Display,Spring_Sale,0,0.0
user_430,2023-02-12 20:00:00,Display,Winter_Special,0,0.0
user_430,2023-02-13 01:00:00,Social,Summer_Promo,0,0.0
user_430,2023-02-14 09:00:00,Search,Fall_Discount,0,0.0
user_430,2023-02-15 05:00:00,Direct,Always_On,0,0.0
user_430,2023-02-16 18:00:00,Social,Spring_Sale,0,0.0
user_431,2023-01-06 15:00:00,Direct,Fall_Discount,0,0.0
user_432,2023-01-11 18:00:00,Social,Spring_Sale,0,0.0
user_432,2023-01-12 03:00:00,Social,Spring_Sale,0,0.0
user_432,2023-01-13 01:00:00,Direct,Spring_Sale,0,0.0
user_432,2023-01-14 12:00:00,Search,Winter_Special,0,0.0
user_432,2023-01-15 21:00:00,Direct,Always_On,0,0.0
user_432,2023-01-16 15:00:00,Email,Spring_Sale,0,0.0
user_432,2023-01-17 04:00:00,Social,Winter_Special,0,0.0
user_432,2023-01-18 22:00:00,Search,Summer_Promo,0,0.0
user_433,2023-01-12 15:00:00,Direct,Spring_Sale,0,0.0
user_433,2023-01-13 08:00:00,Email,Always_On,0,0.0
user_433,2023-01-14 14:00:00,Social,Winter_Special,0,0.0
user_433,2023-01-15 07:00:00,Search,Summer_Promo,1,98.01
user_434,2023-01-19 02:00:00,Display,Fall_Discount,0,0.0
user_434,2023-01-20 16:00:00,Search,Winter_Special,0,0.0
user_434,2023-01-21 11:00:00,Search,Always_On,0,0.0
user_434,2023-01-22 02:00:00,Email,Winter_Special,0,0.0
user_434,2023-01-23 07:00:00,Email,Winter_Special,0,0.0
user_434,2023-01-24 15:00:00,Display,Winter_Special,0,0.0
user_434,2023-01-25 19:00:00,Direct,Winter_Special,0,0.0
user_434,2023-01-26 08:00:00,Email,Always_On,0,0.0
user_434,2023-01-27 15:00:00,Search,Always_On,0,0.0
user_435,2023-02-11 18:00:00,Direct,Winter_Special,0,0.0
user_435,2023-02-12 12:00:00,Search,Always_On,0,0.0
user_435,2023-02-13 09:00:00,Direct,Summer_Promo,0,0.0
user_435,2023-02-14 08:00:00,Direct,Summer_Promo,0,0.0
user_435,2023-02-15 14:00:00,Direct,Winter_Special,0,0.0
user_435,2023-02-16 14:00:00,Search,Always_On,1,162.91
user_436,2023-02-21 11:00:00,Email,Always_On,0,0.0
user_436,2023-02-22 16:00:00,Email,Always_On,0,0.0
user_436,2023-02-23 18:00:00,Email,Spring_Sale,0,0.0
user_436,2023-02-24 14:00:00,Email,Winter_Special,0,0.0
user_436,2023-02-25 12:00:00,Display,Spring_Sale,0,0.0
user_436,2023-02-26 13:00:00,Display,Summer_Promo,0,0.0
user_436,2023-02-27 10:00:00,Search,Winter_Special,0,0.0
user_436,2023-02-28 21:00:00,Search,Winter_Special,0,0.0
user_437,2023-01-02 07:00:00,Display,Spring_Sale,0,0.0
user_437,2023-01-03 22:00:00,Search,Summer_Promo,0,0.0
user_437,2023-01-04 07:00:00,Direct,Spring_Sale,0,0.0
user_438,2023-01-15 05:00:00,Search,Fall_Discount,0,0.0
user_438,2023-01-16 14:00:00,Display,Summer_Promo,0,0.0
user_438,2023-01-17 16:00:00,Email,Summer_Promo,0,0.0
user_438,2023-01-18 10:00:00,Search,Fall_Discount,0,0.0
user_439,2023-01-19 14:00:00,Search,Always_On,0,0.0
user_439,2023-01-20 19:00:00,Direct,Winter_Special,0,0.0
user_439,2023-01-21 08:00:00,Search,Summer_Promo,0,0.0
user_439,2023-01-22 20:00:00,Social,Fall_Discount,0,0.0
user_439,2023-01-23 18:00:00,Direct,Winter_Special,0,0.0
user_439,2023-01-24 00:00:00,Search,Winter_Special,0,0.0
user_439,2023-01-25 12:00:00,Email,Spring_Sale,0,0.0
user_44,2023-02-09 05:00:00,Email,Always_On,0,0.0
user_44,2023-02-10 16:00:00,Search,Spring_Sale,0,0.0
user_440,2023-02-02 08:00:00,Display,Fall_Discount,0,0.0
user_440,2023-02-03 12:00:00,Display,Spring_Sale,0,0.0
user_440,2023-02-04 11:00:00,Display,Summer_Promo,0,0.0
user_440,2023-02-05 11:00:00,Display,Spring_Sale,0,0.0
user_441,2023-02-19 19:00:00,Search,Fall_Discount,0,0.0
user_441,2023-02-20 07:00:00,Search,Spring_Sale,0,0.0
user_441,2023-02-21 18:00:00,Search,Fall_Discount,0,0.0
user_441,2023-02-22 01:00:00,Social,Spring_Sale,0,0.0
user_441,2023-02-23 15:00:00,Search,Summer_Promo,1,92.56
user_442,2023-02-16 01:00:00,Email,Summer_Promo,0,0.0
user_442,2023-02-17 07:00:00,Email,Spring_Sale,0,0.0
user_442,2023-02-18 09:00:00,Display,Always_On,0,0.0
user_442,2023-02-19 16:00:00,Display,Spring_Sale,0,0.0
user_442,2023-02-20 01:00:00,Display,Always_On,0,0.0
user_442,2023-02-21 21:00:00,Direct,Fall_Discount,0,0.0
user_442,2023-02-22 08:00:00,Search,Fall_Discount,0,0.0
user_442,2023-02-23 16:00:00,Display,Spring_Sale,0,0.0
user_443,2023-01-29 05:00:00,Social,Spring_Sale,1,80.21
user_444,2023-01-10 08:00:00,Display,Summer_Promo,0,0.0
user_444,2023-01-11 04:00:00,Direct,Winter_Special,0,0.0
user_444,2023-01-12 14:00:00,Social,Fall_Discount,0,0.0
user_444,2023-01-13 03:00:00,Direct,Winter_Special,0,0.0
user_444,2023-01-14 22:00:00,Social,Always_On,0,0.0
user_444,2023-01-15 21:00:00,Direct,Winter_Special,0,0.0
user_444,2023-01-16 00:00:00,Social,Summer_Promo,0,0.0
user_445,2023-02-26 17:00:00,Social,Fall_Discount,0,0.0
user_446,2023-01-06 12:00:00,Social,Fall_Discount,0,0.0
user_446,2023-01-07 02:00:00,Search,Always_On,0,0.0
user_446,2023-01-08 01:00:00,Direct,Winter_Special,0,0.0
user_446,2023-01-09 20:00:00,Email,Always_On,0,0.0
user_446,2023-01-10 00:00:00,Display,Fall_Discount,0,0.0
user_446,2023-01-11 14:00:00,Direct,Summer_Promo,0,0.0
user_446,2023-01-12 08:00:00,Email,Winter_Special,0,0.0
user_446,2023-01-13 17:00:00,Social,Summer_Promo,0,0.0
user_447,2023-02-20 20:00:00,Search,Fall_Discount,0,0.0
user_447,2023-02-21 23:00:00,Display,Summer_Promo,0,0.0
user_447,2023-02-22 18:00:00,Email,Winter_Special,0,0.0
user_447,2023-02-23 18:00:00,Email,Summer_Promo,1,194.28
user_448,2023-01-18 09:00:00,Display,Winter_Special,0,0.0
user_448,2023-01-19 12:00:00,Display,Winter_Special,0,0.0
user_448,2023-01-20 09:00:00,Direct,Winter_Special,0,0.0
user_448,2023-01-21 16:00:00,Email,Summer_Promo,0,0.0
user_448,2023-01-22 17:00:00,Email,Fall_Discount,0,0.0
user_448,2023-01-23 22:00:00,Direct,Fall_Discount,0,0.0
user_448,2023-01-24 14:00:00,Direct,Fall_Discount,0,0.0
user_448,2023-01-25 23:00:00,Social,Fall_Discount,0,0.0
user_449,2023-01-10 18:00:00,Search,Spring_Sale,0,0.0
user_449,2023-01-11 06:00:00,Email,Winter_Special,0,0.0
user_449,2023-01-12 07:00:00,Search,Always_On,0,0.0
user_449,2023-01-13 10:00:00,Search,Winter_Special,0,0.0
user_449,2023-01-14 06:00:00,Search,Winter_Special,0,0.0
user_449,2023-01-15 10:00:00,Search,Always_On,0,0.0
user_449,2023-01-16 23:00:00,Social,Winter_Special,0,0.0
user_45,2023-01-02 06:00:00,Direct,Fall_Discount,0,0.0
user_45,2023-01-03 07:00:00,Email,Fall_Discount,0,0.0
user_45,2023-01-04 00:00:00,Display,Always_On,0,0.0
user_45,2023-01-05 05:00:00,Email,Winter_Special,0,0.0
user_45,2023-01-06 22:00:00,Direct,Always_On,0,0.0
user_45,2023-01-07 09:00:00,Display,Summer_Promo,0,0.0
user_45,2023-01-08 21:00:00,Social,Spring_Sale,0,0.0
user_450,2023-02-18 15:00:00,Social,Fall_Discount,0,0.0
user_450,2023-02-19 08:00:00,Display,Summer_Promo,0,0.0
user_450,2023-02-20 02:00:00,Display,Winter_Special,0,0.0
user_450,2023-02-21 14:00:00,Social,Spring_Sale,0,0.0
user_451,2023-02-05 04:00:00,Social,Fall_Discount,0,0.0
user_451,2023-02-06 00:00:00,Email,Summer_Promo,0,0.0
user_451,2023-02-07 00:00:00,Direct,Spring_Sale,0,0.0
user_451,2023-02-08 16:00:00,Email,Summer_Promo,1,56.58
user_452,2023-01-13 10:00:00,Search,Fall_Discount,0,0.0
user_452,2023-01-14 14:00:00,Direct,Always_On,0,0.0
user_452,2023-01-15 04:00:00,Display,Summer_Promo,0,0.0
user_452,2023-01-16 15:00:00,Social,Summer_Promo,0,0.0
user_452,2023-01-17 12:00:00,Search,Always_On,0,0.0
user_453,2023-02-07 12:00:00,Search,Summer_Promo,0,0.0
user_454,2023-02-06 16:00:00,Search,Spring_Sale,0,0.0
user_455,2023-02-16 04:00:00,Search,Winter_Special,0,0.0
user_456,2023-01-25 00:00:00,Search,Spring_Sale,0,0.0
user_456,2023-01-26 16:00:00,Social,Fall_Discount,0,0.0
user_456,2023-01-27 17:00:00,Email,Always_On,0,0.0
user_456,2023-01-28 13:00:00,Search,Winter_Special,0,0.0
user_456,2023-01-29 11:00:00,Search,Spring_Sale,0,0.0
user_456,2023-01-30 10:00:00,Social,Fall_Discount,0,0.0
user_457,2023-01-17 13:00:00,Social,Always_On,0,0.0
user_457,2023-01-18 22:00:00,Search,Fall_Discount,1,150.28
user_458,2023-01-16 23:00:00,Social,Spring_Sale,0,0.0
user_458,2023-01-17 14:00:00,Display,Spring_Sale,0,0.0
user_458,2023-01-18 11:00:00,Email,Summer_Promo,0,0.0
user_458,2023-01-19 12:00:00,Search,Fall_Discount,1,62.11
user_459,2023-01-10 19:00:00,Display,Fall_Discount,0,0.0
user_459,2023-01-11 03:00:00,Email,Winter_Special,0,0.0
user_459,2023-01-12 10:00:00,Search,Always_On,0,0.0
user_459,2023-01-13 10:00:00,Search,Always_On,0,0.0
user_459,2023-01-14 13:00:00,Email,Always_On,1,124.44
user_46,2023-02-14 07:00:00,Display,Always_On,0,0.0
user_46,2023-02-15 12:00:00,Display,Winter_Special,0,0.0
user_46,2023-02-16 03:00:00,Email,Fall_Discount,0,0.0
user_46,2023-02-17 04:00:00,Email,Fall_Discount,0,0.0
user_460,2023-01-26 18:00:00,Search,Winter_Special,0,0.0
user_460,2023-01-27 21:00:00,Direct,Summer_Promo,0,0.0
user_460,2023-01-28 11:00:00,Display,Spring_Sale,0,0.0
user_460,2023-01-29 16:00:00,Direct,Summer_Promo,0,0.0
user_460,2023-01-30 08:00:00,Direct,Always_On,0,0.0
user_461,2023-02-11 09:00:00,Display,Fall_Discount,0,0.0
user_461,2023-02-12 19:00:00,Search,Fall_Discount,0,0.0
user_462,2023-01-09 21:00:00,Email,Always_On,0,0.0
user_462,2023-01-10 22:00:00,Social,Always_On,0,0.0
user_462,2023-01-11 00:00:00,Social,Fall_Discount,0,0.0
user_462,2023-01-12 06:00:00,Email,Spring_Sale,0,0.0
user_462,2023-01-13 20:00:00,Direct,Winter_Special,0,0.0
user_462,2023-01-14 05:00:00,Email,Spring_Sale,0,0.0
user_462,2023-01-15 16:00:00,Search,Summer_Promo,0,0.0
user_463,2023-02-23 03:00:00,Direct,Fall_Discount,0,0.0
user_463,2023-02-24 23:00:00,Email,Summer_Promo,0,0.0
user_463,2023-02-25 03:00:00,Search,Summer_Promo,0,0.0
user_463,2023-02-26 20:00:00,Display,Spring_Sale,0,0.0
user_463,2023-02-27 10:00:00,Display,Summer_Promo,0,0.0
user_463,2023-02-28 11:00:00,Direct,Spring_Sale,0,0.0
user_463,2023-03-01 20:00:00,Direct,Winter_Special,0,0.0
user_464,2023-01-04 02:00:00,Search,Winter_Special,0,0.0
user_464,2023-01-05 00:00:00,Social,Summer_Promo,0,0.0
user_464,2023-01-06 11:00:00,Direct,Summer_Promo,0,0.0
user_464,2023-01-07 18:00:00,Email,Always_On,0,0.0
user_464,2023-01-08 03:00:00,Search,Winter_Special,0,0.0
user_465,2023-01-27 22:00:00,Search,Fall_Discount,0,0.0
user_465,2023-01-28 04:00:00,Display,Always_On,0,0.0
user_466,2023-01-26 02:00:00,Search,Summer_Promo,0,0.0
user_466,2023-01-27 14:00:00,Email,Spring_Sale,0,0.0
user_466,2023-01-28 19:00:00,Email,Spring_Sale,0,0.0
user_466,2023-01-29 21:00:00,Email,Spring_Sale,0,0.0
user_466,2023-01-30 13:00:00,Search,Fall_Discount,0,0.0
user_467,2023-01-13 22:00:00,Search,Winter_Special,0,0.0
user_468,2023-02-02 04:00:00,Search,Always_On,1,180.62
user_469,2023-02-17 19:00:00,Search,Always_On,0,0.0
user_469,2023-02-18 12:00:00,Social,Spring_Sale,0,0.0
user_469,2023-02-19 01:00:00,Social,Winter_Special,0,0.0
user_469,2023-02-20 12:00:00,Email,Always_On,0,0.0
user_469,2023-02-21 23:00:00,Search,Always_On,0,0.0
user_469,2023-02-22 22:00:00,Display,Always_On,0,0.0
user_469,2023-02-23 06:00:00,Social,Always_On,0,0.0
user_469,2023-02-24 07:00:00,Search,Winter_Special,0,0.0
user_469,2023-02-25 04:00:00,Display,Summer_Promo,0,0.0
user_47,2023-02-07 11:00:00,Social,Fall_Discount,0,0.0
user_47,2023-02-08 00:00:00,Social,Spring_Sale,1,180.82
user_470,2023-02-07 00:00:00,Social,Summer_Promo,0,0.0
user_470,2023-02-08 00:00:00,Social,Spring_Sale,0,0.0
user_470,2023-02-09 22:00:00,Direct,Always_On,0,0.0
user_470,2023-02-10 19:00:00,Social,Summer_Promo,0,0.0
user_470,2023-02-11 08:00:00,Search,Summer_Promo,1,105.41
user_471,2023-02-11 13:00:00,Email,Summer_Promo,0,0.0
user_471,2023-02-12 17:00:00,Social,Spring_Sale,0,0.0
user_471,2023-02-13 06:00:00,Direct,Summer_Promo,0,0.0
user_471,2023-02-14 14:00:00,Direct,Fall_Discount,0,0.0
user_471,2023-02-15 06:00:00,Search,Always_On,0,0.0
user_471,2023-02-16 08:00:00,Social,Always_On,0,0.0
user_471,2023-02-17 18:00:00,Search,Summer_Promo,0,0.0
user_471,2023-02-18 09:00:00,Social,Spring_Sale,0,0.0
user_471,2023-02-19 05:00:00,Search,Winter_Special,0,0.0
user_472,2023-01-03 23:00:00,Email,Summer_Promo,0,0.0
user_472,2023-01-04 12:00:00,Search,Always_On,0,0.0
user_472,2023-01-05 03:00:00,Email,Always_On,0,0.0
user_472,2023-01-06 04:00:00,Social,Fall_Discount,0,0.0
user_473,2023-01-31 10:00:00,Direct,Winter_Special,0,0.0
user_474,2023-02-07 18:00:00,Display,Summer_Promo,0,0.0
user_474,2023-02-08 15:00:00,Search,Summer_Promo,1,75.29
user_475,2023-02-02 21:00:00,Email,Always_On,1,68.02
user_476,2023-02-13 07:00:00,Search,Always_On,0,0.0
user_477,2023-01-01 22:00:00,Display,Spring_Sale,0,0.0
user_478,2023-02-18 18:00:00,Social,Spring_Sale,0,0.0
user_478,2023-02-19 04:00:00,Email,Summer_Promo,0,0.0
user_479,2023-01-18 00:00:00,Social,Always_On,0,0.0
user_479,2023-01-19 06:00:00,Direct,Spring_Sale,0,0.0
user_479,2023-01-20 20:00:00,Search,Fall_Discount,0,0.0
user_48,2023-02-17 23:00:00,Display,Always_On,0,0.0
user_48,2023-02-18 08:00:00,Social,Spring_Sale,0,0.0
user_48,2023-02-19 21:00:00,Direct,Spring_Sale,0,0.0
user_48,2023-02-20 20:00:00,Search,Always_On,0,0.0
user_480,2023-02-01 15:00:00,Email,Winter_Special,1,188.94
user_481,2023-01-13 08:00:00,Direct,Winter_Special,0,0.0
user_481,2023-01-14 21:00:00,Search,Spring_Sale,0,0.0
user_481,2023-01-15 08:00:00,Display,Spring_Sale,0,0.0
user_481,2023-01-16 03:00:00,Direct,Fall_Discount,0,0.0
user_481,2023-01-17 04:00:00,Social,Fall_Discount,0,0.0
user_481,2023-01-18 22:00:00,Social,Always_On,0,0.0
user_481,2023-01-19 12:00:00,Social,Spring_Sale,0,0.0
user_481,2023-01-20 21:00:00,Social,Always_On,0,0.0
user_481,2023-01-21 08:00:00,Display,Spring_Sale,0,0.0
user_482,2023-02-19 21:00:00,Direct,Fall_Discount,0,0.0
user_482,2023-02-20 16:00:00,Email,Spring_Sale,0,0.0
user_482,2023-02-21 08:00:00,Direct,Always_On,0,0.0
user_482,2023-02-22 16:00:00,Direct,Always_On,0,0.0
user_482,2023-02-23 15:00:00,Search,Fall_Discount,0,0.0
user_482,2023-02-24 14:00:00,Social,Always_On,0,0.0
user_482,2023-02-25 17:00:00,Direct,Fall_Discount,0,0.0
user_482,2023-02-26 00:00:00,Social,Summer_Promo,0,0.0
user_483,2023-01-23 06:00:00,Email,Fall_Discount,0,0.0
user_484,2023-01-03 10:00:00,Direct,Summer_Promo,0,0.0
user_484,2023-01-04 09:00:00,Display,Spring_Sale,0,0.0
user_484,2023-01-05 03:00:00,Email,Fall_Discount,0,0.0
user_484,2023-01-06 10:00:00,Search,Spring_Sale,0,0.0
user_484,2023-01-07 00:00:00,Social,Winter_Special,0,0.0
user_484,2023-01-08 04:00:00,Search,Always_On,1,134.06
user_485,2023-01-04 14:00:00,Display,Fall_Discount,1,121.93
user_486,2023-02-22 13:00:00,Direct,Winter_Special,0,0.0
user_486,2023-02-23 05:00:00,Direct,Fall_Discount,0,0.0
user_486,2023-02-24 12:00:00,Direct,Always_On,0,0.0
user_486,2023-02-25 00:00:00,Display,Fall_Discount,1,162.24
user_487,2023-02-09 22:00:00,Email,Spring_Sale,0,0.0
user_487,2023-02-10 10:00:00,Display,Winter_Special,1,171.52
user_488,2023-02-22 18:00:00,Direct,Summer_Promo,0,0.0
user_488,2023-02-23 23:00:00,Display,Always_On,0,0.0
user_488,2023-02-24 08:00:00,Email,Summer_Promo,0,0.0
user_488,2023-02-25 01:00:00,Display,Winter_Special,0,0.0
user_488,2023-02-26 11:00:00,Display,Spring_Sale,0,0.0
user_488,2023-02-27 05:00:00,Search,Winter_Special,0,0.0
user_489,2023-01-25 05:00:00,Direct,Summer_Promo,0,0.0
user_489,2023-01-26 06:00:00,Direct,Fall_Discount,0,0.0
user_489,2023-01-27 12:00:00,Email,Spring_Sale,0,0.0
user_489,2023-01-28 15:00:00,Direct,Spring_Sale,0,0.0
user_489,2023-01-29 18:00:00,Email,Summer_Promo,0,0.0
user_489,2023-01-30 12:00:00,Email,Always_On,0,0.0
user_49,2023-02-23 21:00:00,Search,Spring_Sale,0,0.0
user_49,2023-02-24 20:00:00,Direct,Spring_Sale,0,0.0
user_49,2023-02-25 20:00:00,Display,Spring_Sale,0,0.0
user_49,2023-02-26 10:00:00,Email,Winter_Special,0,0.0
user_490,2023-01-08 11:00:00,Display,Spring_Sale,0,0.0
user_490,2023-01-09 20:00:00,Email,Always_On,0,0.0
user_490,2023-01-10 00:00:00,Email,Always_On,0,0.0
user_490,2023-01-11 19:00:00,Email,Fall_Discount,0,0.0
user_490,2023-01-12 11:00:00,Display,Spring_Sale,0,0.0
user_490,2023-01-13 08:00:00,Search,Always_On,0,0.0
user_491,2023-02-06 17:00:00,Display,Winter_Special,0,0.0
user_491,2023-02-07 06:00:00,Email,Summer_Promo,1,65.51
user_492,2023-01-25 01:00:00,Direct,Fall_Discount,0,0.0
user_493,2023-01-17 21:00:00,Social,Summer_Promo,0,0.0
user_493,2023-01-18 10:00:00,Display,Fall_Discount,0,0.0
user_494,2023-01-04 17:00:00,Search,Winter_Special,0,0.0
user_494,2023-01-05 02:00:00,Direct,Spring_Sale,0,0.0
user_494,2023-01-06 02:00:00,Search,Spring_Sale,0,0.0
user_494,2023-01-07 01:00:00,Email,Fall_Discount,0,0.0
user_494,2023-01-08 21:00:00,Direct,Fall_Discount,0,0.0
user_494,2023-01-09 08:00:00,Direct,Winter_Special,0,0.0
user_494,2023-01-10 07:00:00,Search,Winter_Special,0,0.0
user_494,2023-01-11 09:00:00,Direct,Summer_Promo,0,0.0
user_494,2023-01-12 10:00:00,Direct,Spring_Sale,0,0.0
user_495,2023-02-13 11:00:00,Search,Winter_Special,0,0.0
user_495,2023-02-14 08:00:00,Social,Winter_Special,1,175.88
user_496,2023-02-10 01:00:00,Email,Spring_Sale,0,0.0
user_496,2023-02-11 15:00:00,Direct,Summer_Promo,0,0.0
user_496,2023-02-12 19:00:00,Display,Spring_Sale,0,0.0
user_496,2023-02-13 16:00:00,Social,Fall_Discount,0,0.0
user_496,2023-02-14 21:00:00,Email,Always_On,0,0.0
user_496,2023-02-15 14:00:00,Email,Summer_Promo,0,0.0
user_496,2023-02-16 22:00:00,Search,Spring_Sale,1,156.17
user_497,2023-01-28 11:00:00,Direct,Spring_Sale,0,0.0
user_497,2023-01-29 09:00:00,Display,Fall_Discount,0,0.0
user_497,2023-01-30 11:00:00,Email,Always_On,1,96.43
user_498,2023-02-24 23:00:00,Display,Fall_Discount,0,0.0
user_498,2023-02-25 06:00:00,Email,Spring_Sale,1,86.72
user_499,2023-02-14 19:00:00,Email,Always_On,0,0.0
user_499,2023-02-15 22:00:00,Display,Winter_Special,0,0.0
user_499,2023-02-16 00:00:00,Display,Fall_Discount,0,0.0
user_499,2023-02-17 19:00:00,Direct,Spring_Sale,0,0.0
user_499,2023-02-18 23:00:00,Direct,Always_On,1,116.77
user_5,2023-02-02 09:00:00,Email,Always_On,0,0.0
user_5,2023-02-03 06:00:00,Search,Winter_Special,0,0.0
user_5,2023-02-04 00:00:00,Display,Summer_Promo,0,0.0
user_50,2023-01-18 16:00:00,Email,Summer_Promo,0,0.0
user_50,2023-01-19 18:00:00,Email,Winter_Special,0,0.0
user_50,2023-01-20 05:00:00,Search,Winter_Special,1,96.72
user_500,2023-01-13 05:00:00,Direct,Always_On,0,0.0
user_500,2023-01-14 08:00:00,Social,Spring_Sale,0,0.0
user_500,2023-01-15 12:00:00,Search,Winter_Special,0,0.0
user_501,2023-01-19 03:00:00,Direct,Summer_Promo,0,0.0
user_501,2023-01-20 05:00:00,Social,Fall_Discount,0,0.0
user_501,2023-01-21 06:00:00,Social,Winter_Special,0,0.0
user_501,2023-01-22 23:00:00,Social,Winter_Special,0,0.0
user_501,2023-01-23 11:00:00,Display,Always_On,0,0.0
user_501,2023-01-24 18:00:00,Direct,Always_On,0,0.0
user_501,2023-01-25 20:00:00,Email,Fall_Discount,0,0.0
user_502,2023-02-18 20:00:00,Search,Spring_Sale,1,90.58
user_503,2023-01-05 07:00:00,Direct,Fall_Discount,0,0.0
user_503,2023-01-06 02:00:00,Social,Always_On,0,0.0
user_503,2023-01-07 21:00:00,Direct,Spring_Sale,0,0.0
user_503,2023-01-08 17:00:00,Email,Summer_Promo,0,0.0
user_503,2023-01-09 15:00:00,Social,Fall_Discount,0,0.0
user_503,2023-01-10 19:00:00,Search,Summer_Promo,0,0.0
user_504,2023-02-11 16:00:00,Email,Always_On,0,0.0
user_504,2023-02-12 15:00:00,Search,Winter_Special,0,0.0
user_505,2023-01-24 13:00:00,Email,Summer_Promo,0,0.0
user_505,2023-01-25 02:00:00,Direct,Winter_Special,0,0.0
user_506,2023-01-08 11:00:00,Social,Summer_Promo,0,0.0
user_506,2023-01-09 19:00:00,Social,Fall_Discount,0,0.0
user_506,2023-01-10 18:00:00,Search,Winter_Special,0,0.0
user_506,2023-01-11 07:00:00,Direct,Winter_Special,0,0.0
user_506,2023-01-12 17:00:00,Email,Winter_Special,0,0.0
user_506,2023-01-13 20:00:00,Search,Always_On,0,0.0
user_506,2023-01-14 11:00:00,Social,Summer_Promo,0,0.0
user_507,2023-02-27 14:00:00,Social,Summer_Promo,0,0.0
user_508,2023-02-06 07:00:00,Email,Spring_Sale,0,0.0
user_509,2023-02-26 11:00:00,Email,Spring_Sale,0,0.0
user_509,2023-02-27 18:00:00,Display,Spring_Sale,0,0.0
user_509,2023-02-28 21:00:00,Display,Always_On,0,0.0
user_509,2023-03-01 03:00:00,Display,Winter_Special,0,0.0
user_509,2023-03-02 04:00:00,Email,Always_On,0,0.0
user_509,2023-03-03 06:00:00,Social,Fall_Discount,0,0.0
user_51,2023-01-26 20:00:00,Display,Summer_Promo,0,0.0
user_51,2023-01-27 08:00:00,Search,Winter_Special,0,0.0
user_51,2023-01-28 07:00:00,Display,Always_On,0,0.0
user_51,2023-01-29 22:00:00,Search,Always_On,0,0.0
user_51,2023-01-30 16:00:00,Email,Always_On,1,120.81
user_510,2023-01-20 10:00:00,Social,Summer_Promo,0,0.0
user_511,2023-01-23 01:00:00,Search,Summer_Promo,0,0.0
user_511,2023-01-24 22:00:00,Social,Summer_Promo,0,0.0
user_512,2023-02-19 15:00:00,Display,Spring_Sale,0,0.0
user_512,2023-02-20 22:00:00,Email,Spring_Sale,0,0.0
user_512,2023-02-21 21:00:00,Social,Winter_Special,0,0.0
user_512,2023-02-22 05:00:00,Display,Always_On,0,0.0
user_512,2023-02-23 19:00:00,Direct,Fall_Discount,0,0.0
user_512,2023-02-24 19:00:00,Display,Spring_Sale,0,0.0
user_512,2023-02-25 13:00:00,Social,Winter_Special,0,0.0
user_512,2023-02-26 06:00:00,Email,Winter_Special,0,0.0
user_512,2023-02-27 03:00:00,Search,Summer_Promo,0,0.0
user_513,2023-02-19 09:00:00,Social,Fall_Discount,0,0.0
user_513,2023-02-20 01:00:00,Display,Fall_Discount,0,0.0
user_513,2023-02-21 15:00:00,Display,Fall_Discount,0,0.0
user_513,2023-02-22 20:00:00,Social,Always_On,0,0.0
user_513,2023-02-23 12:00:00,Search,Winter_Special,0,0.0
user_514,2023-02-05 08:00:00,Email,Summer_Promo,0,0.0
user_514,2023-02-06 19:00:00,Direct,Always_On,0,0.0
user_514,2023-02-07 03:00:00,Direct,Fall_Discount,0,0.0
user_514,2023-02-08 09:00:00,Direct,Fall_Discount,0,0.0
user_514,2023-02-09 18:00:00,Direct,Summer_Promo,1,132.67
user_515,2023-02-27 14:00:00,Email,Fall_Discount,0,0.0
user_515,2023-02-28 03:00:00,Email,Summer_Promo,0,0.0
user_515,2023-03-01 02:00:00,Email,Winter_Special,0,0.0
user_515,2023-03-02 13:00:00,Display,Fall_Discount,0,0.0
user_515,2023-03-03 01:00:00,Direct,Fall_Discount,0,0.0
user_516,2023-02-10 02:00:00,Search,Fall_Discount,0,0.0
user_517,2023-01-04 07:00:00,Display,Summer_Promo,0,0.0
user_518,2023-03-01 07:00:00,Search,Spring_Sale,0,0.0
user_518,2023-03-02 23:00:00,Email,Always_On,0,0.0
user_518,2023-03-03 18:00:00,Search,Fall_Discount,0,0.0
user_518,2023-03-04 00:00:00,Social,Winter_Special,0,0.0
user_518,2023-03-05 09:00:00,Search,Always_On,1,70.28
user_519,2023-02-06 16:00:00,Social,Summer_Promo,0,0.0
user_519,2023-02-07 23:00:00,Direct,Always_On,0,0.0
user_52,2023-01-19 13:00:00,Social,Spring_Sale,0,0.0
user_52,2023-01-20 21:00:00,Social,Summer_Promo,0,0.0
user_52,2023-01-21 03:00:00,Social,Fall_Discount,0,0.0
user_52,2023-01-22 09:00:00,Direct,Fall_Discount,0,0.0
user_52,2023-01-23 00:00:00,Social,Winter_Special,1,73.42
user_520,2023-02-28 17:00:00,Email,Spring_Sale,0,0.0
user_520,2023-03-01 13:00:00,Social,Always_On,0,0.0
user_520,2023-03-02 01:00:00,Search,Spring_Sale,0,0.0
user_520,2023-03-03 11:00:00,Display,Always_On,0,0.0
user_520,2023-03-04 15:00:00,Display,Summer_Promo,0,0.0
user_520,2023-03-05 09:00:00,Display,Always_On,0,0.0
user_521,2023-02-03 14:00:00,Direct,Fall_Discount,0,0.0
user_521,2023-02-04 09:00:00,Email,Spring_Sale,0,0.0
user_521,2023-02-05 14:00:00,Email,Winter_Special,0,0.0
user_521,2023-02-06 20:00:00,Search,Always_On,0,0.0
user_521,2023-02-07 21:00:00,Direct,Winter_Special,0,0.0
user_521,2023-02-08 17:00:00,Search,Summer_Promo,0,0.0
user_522,2023-01-13 04:00:00,Direct,Fall_Discount,0,0.0
user_522,2023-01-14 19:00:00,Email,Fall_Discount,0,0.0
user_523,2023-02-27 00:00:00,Display,Winter_Special,0,0.0
user_523,2023-02-28 07:00:00,Search,Spring_Sale,0,0.0
user_524,2023-01-31 11:00:00,Email,Summer_Promo,1,172.53
user_525,2023-01-12 15:00:00,Display,Always_On,0,0.0
user_525,2023-01-13 13:00:00,Display,Summer_Promo,0,0.0
user_525,2023-01-14 08:00:00,Direct,Summer_Promo,0,0.0
user_525,2023-01-15 23:00:00,Social,Fall_Discount,0,0.0
user_525,2023-01-16 00:00:00,Search,Always_On,0,0.0
user_525,2023-01-17 06:00:00,Search,Fall_Discount,0,0.0
user_525,2023-01-18 11:00:00,Email,Fall_Discount,0,0.0
user_526,2023-01-10 03:00:00,Display,Summer_Promo,0,0.0
user_526,2023-01-11 11:00:00,Direct,Always_On,0,0.0
user_526,2023-01-12 17:00:00,Direct,Summer_Promo,0,0.0
user_526,2023-01-13 21:00:00,Social,Spring_Sale,0,0.0
user_526,2023-01-14 11:00:00,Display,Spring_Sale,0,0.0
user_527,2023-01-19 22:00:00,Email,Fall_Discount,0,0.0
user_527,2023-01-20 12:00:00,Social,Summer_Promo,0,0.0
user_527,2023-01-21 22:00:00,Email,Summer_Promo,0,0.0
user_528,2023-01-27 19:00:00,Social,Winter_Special,0,0.0
user_528,2023-01-28 20:00:00,Search,Always_On,0,0.0
user_528,2023-01-29 03:00:00,Display,Always_On,0,0.0
user_528,2023-01-30 12:00:00,Direct,Always_On,0,0.0
user_528,2023-01-31 07:00:00,Direct,Winter_Special,0,0.0
user_528,2023-02-01 20:00:00,Search,Summer_Promo,0,0.0
user_528,2023-02-02 12:00:00,Email,Winter_Special,0,0.0
user_528,2023-02-03 00:00:00,Social,Always_On,0,0.0
user_528,2023-02-04 11:00:00,Display,Summer_Promo,0,0.0
user_529,2023-01-09 11:00:00,Social,Spring_Sale,0,0.0
user_529,2023-01-10 08:00:00,Email,Fall_Discount,0,0.0
user_529,2023-01-11 23:00:00,Email,Spring_Sale,0,0.0
user_529,2023-01-12 20:00:00,Display,Always_On,0,0.0
user_53,2023-01-07 22:00:00,Direct,Spring_Sale,0,0.0
user_53,2023-01-08 07:00:00,Email,Always_On,0,0.0
user_530,2023-02-10 13:00:00,Display,Spring_Sale,0,0.0
user_530,2023-02-11 19:00:00,Email,Spring_Sale,0,0.0
user_530,2023-02-12 02:00:00,Search,Summer_Promo,0,0.0
user_530,2023-02-13 10:00:00,Social,Summer_Promo,0,0.0
user_530,2023-02-14 17:00:00,Email,Fall_Discount,0,0.0
user_530,2023-02-15 16:00:00,Email,Winter_Special,0,0.0
user_531,2023-02-13 11:00:00,Display,Always_On,0,0.0
user_531,2023-02-14 18:00:00,Direct,Fall_Discount,0,0.0
user_531,2023-02-15 03:00:00,Search,Fall_Discount,0,0.0
user_531,2023-02-16 23:00:00,Email,Always_On,0,0.0
user_531,2023-02-17 21:00:00,Direct,Always_On,0,0.0
user_531,2023-02-18 13:00:00,Direct,Always_On,0,0.0
user_532,2023-01-06 17:00:00,Direct,Always_On,0,0.0
user_532,2023-01-07 03:00:00,Email,Spring_Sale,0,0.0
user_532,2023-01-08 19:00:00,Email,Fall_Discount,0,0.0
user_532,2023-01-09 02:00:00,Email,Spring_Sale,0,0.0
user_533,2023-01-14 14:00:00,Display,Summer_Promo,0,0.0
user_533,2023-01-15 07:00:00,Social,Winter_Special,0,0.0
user_533,2023-01-16 15:00:00,Direct,Always_On,0,0.0
user_533,2023-01-17 07:00:00,Email,Always_On,0,0.0
user_534,2023-01-28 03:00:00,Direct,Fall_Discount,1,146.11
user_535,2023-02-14 09:00:00,Search,Winter_Special,0,0.0
user_535,2023-02-15 15:00:00,Search,Spring_Sale,0,0.0
user_535,2023-02-16 22:00:00,Search,Fall_Discount,0,0.0
user_535,2023-02-17 02:00:00,Search,Summer_Promo,0,0.0
user_535,2023-02-18 07:00:00,Direct,Always_On,0,0.0
user_536,2023-01-14 20:00:00,Email,Always_On,0,0.0
user_536,2023-01-15 05:00:00,Email,Fall_Discount,0,0.0
user_536,2023-01-16 15:00:00,Display,Summer_Promo,0,0.0
user_536,2023-01-17 21:00:00,Direct,Fall_Discount,0,0.0
user_536,2023-01-18 21:00:00,Direct,Always_On,0,0.0
user_536,2023-01-19 23:00:00,Display,Spring_Sale,0,0.0
user_536,2023-01-20 11:00:00,Direct,Fall_Discount,0,0.0
user_537,2023-02-06 11:00:00,Search,Summer_Promo,0,0.0
user_537,2023-02-07 07:00:00,Direct,Spring_Sale,0,0.0
user_537,2023-02-08 19:00:00,Email,Spring_Sale,0,0.0
user_537,2023-02-09 06:00:00,Direct,Spring_Sale,1,180.37
user_538,2023-01-15 05:00:00,Social,Always_On,1,139.43
user_539,2023-01-24 20:00:00,Direct,Spring_Sale,0,0.0
user_539,2023-01-25 06:00:00,Email,Summer_Promo,0,0.0
user_539,2023-01-26 20:00:00,Direct,Spring_Sale,0,0.0
user_539,2023-01-27 12:00:00,Display,Always_On,0,0.0
user_539,2023-01-28 05:00:00,Direct,Always_On,0,0.0
user_539,2023-01-29 03:00:00,Social,Spring_Sale,0,0.0
user_54,2023-01-03 14:00:00,Email,Spring_Sale,0,0.0
user_54,2023-01-04 15:00:00,Email,Fall_Discount,0,0.0
user_54,2023-01-05 13:00:00,Direct,Always_On,0,0.0
user_54,2023-01-06 06:00:00,Social,Summer_Promo,0,0.0
user_54,2023-01-07 15:00:00,Direct,Fall_Discount,0,0.0
user_540,2023-02-09 02:00:00,Search,Always_On,0,0.0
user_540,2023-02-10 09:00:00,Search,Always_On,0,0.0
user_540,2023-02-11 20:00:00,Direct,Winter_Special,0,0.0
user_540,2023-02-12 23:00:00,Display,Spring_Sale,0,0.0
user_540,2023-02-13 05:00:00,Email,Winter_Special,0,0.0
user_541,2023-01-12 15:00:00,Direct,Winter_Special,0,0.0
user_541,2023-01-13 16:00:00,Direct,Fall_Discount,0,0.0
user_541,2023-01-14 15:00:00,Social,Winter_Special,0,0.0
user_541,2023-01-15 22:00:00,Display,Fall_Discount,0,0.0
user_541,2023-01-16 08:00:00,Direct,Winter_Special,0,0.0
user_541,2023-01-17 10:00:00,Display,Fall_Discount,0,0.0
user_541,2023-01-18 04:00:00,Social,Winter_Special,0,0.0
user_542,2023-01-28 01:00:00,Search,Winter_Special,0,0.0
user_542,2023-01-29 05:00:00,Social,Always_On,0,0.0
user_542,2023-01-30 04:00:00,Social,Winter_Special,0,0.0
user_542,2023-01-31 17:00:00,Display,Summer_Promo,0,0.0
user_542,2023-02-01 16:00:00,Search,Winter_Special,0,0.0
user_542,2023-02-02 08:00:00,Social,Spring_Sale,0,0.0
user_542,2023-02-03 02:00:00,Email,Fall_Discount,0,0.0
user_542,2023-02-04 12:00:00,Direct,Fall_Discount,0,0.0
user_542,2023-02-05 08:00:00,Direct,Spring_Sale,0,0.0
user_543,2023-01-03 22:00:00,Social,Always_On,0,0.0
user_544,2023-02-13 08:00:00,Search,Fall_Discount,0,0.0
user_544,2023-02-14 08:00:00,Social,Winter_Special,0,0.0
user_544,2023-02-15 00:00:00,Direct,Always_On,0,0.0
user_544,2023-02-16 14:00:00,Email,Winter_Special,0,0.0
user_544,2023-02-17 10:00:00,Direct,Spring_Sale,0,0.0
user_544,2023-02-18 17:00:00,Email,Fall_Discount,1,140.67
user_545,2023-03-01 21:00:00,Social,Fall_Discount,0,0.0
user_545,2023-03-02 05:00:00,Direct,Spring_Sale,0,0.0
user_545,2023-03-03 02:00:00,Email,Fall_Discount,0,0.0
user_545,2023-03-04 14:00:00,Email,Fall_Discount,0,0.0
user_545,2023-03-05 03:00:00,Direct,Always_On,0,0.0
user_545,2023-03-06 01:00:00,Search,Spring_Sale,0,0.0
user_545,2023-03-07 11:00:00,Search,Winter_Special,0,0.0
user_545,2023-03-08 11:00:00,Display,Fall_Discount,0,0.0
user_545,2023-03-09 03:00:00,Social,Summer_Promo,0,0.0
user_546,2023-01-26 01:00:00,Social,Always_On,0,0.0
user_546,2023-01-27 20:00:00,Email,Fall_Discount,0,0.0
user_546,2023-01-28 05:00:00,Social,Fall_Discount,0,0.0
user_546,2023-01-29 09:00:00,Social,Fall_Discount,0,0.0
user_546,2023-01-30 06:00:00,Social,Fall_Discount,0,0.0
user_546,2023-01-31 16:00:00,Social,Fall_Discount,0,0.0
user_546,2023-02-01 12:00:00,Direct,Winter_Special,0,0.0
user_547,2023-02-23 18:00:00,Social,Winter_Special,0,0.0
user_548,2023-02-24 00:00:00,Direct,Summer_Promo,0,0.0
user_548,2023-02-25 01:00:00,Search,Winter_Special,1,127.84
user_549,2023-01-26 07:00:00,Email,Winter_Special,0,0.0
user_55,2023-01-29 01:00:00,Display,Summer_Promo,0,0.0
user_55,2023-01-30 10:00:00,Direct,Winter_Special,0,0.0
user_55,2023-01-31 22:00:00,Social,Fall_Discount,0,0.0
user_55,2023-02-01 04:00:00,Display,Always_On,0,0.0
user_550,2023-01-17 09:00:00,Display,Spring_Sale,0,0.0
user_550,2023-01-18 21:00:00,Search,Spring_Sale,0,0.0
user_550,2023-01-19 14:00:00,Direct,Fall_Discount,0,0.0
user_551,2023-02-06 01:00:00,Social,Winter_Special,0,0.0
user_551,2023-02-07 09:00:00,Direct,Fall_Discount,0,0.0
user_551,2023-02-08 04:00:00,Search,Winter_Special,0,0.0
user_551,2023-02-09 23:00:00,Display,Spring_Sale,0,0.0
user_551,2023-02-10 11:00:00,Display,Spring_Sale,0,0.0
user_551,2023-02-11 16:00:00,Email,Spring_Sale,0,0.0
user_551,2023-02-12 10:00:00,Social,Winter_Special,0,0.0
user_551,2023-02-13 07:00:00,Social,Winter_Special,0,0.0
user_552,2023-02-26 20:00:00,Email,Always_On,0,0.0
user_552,2023-02-27 18:00:00,Email,Summer_Promo,1,142.62
user_553,2023-01-03 14:00:00,Direct,Fall_Discount,0,0.0
user_553,2023-01-04 21:00:00,Display,Always_On,0,0.0
user_553,2023-01-05 21:00:00,Display,Fall_Discount,0,0.0
user_553,2023-01-06 21:00:00,Display,Spring_Sale,0,0.0
user_554,2023-01-30 19:00:00,Display,Spring_Sale,0,0.0
user_554,2023-01-31 04:00:00,Direct,Spring_Sale,0,0.0
user_554,2023-02-01 14:00:00,Search,Spring_Sale,0,0.0
user_554,2023-02-02 22:00:00,Email,Winter_Special,0,0.0
user_554,2023-02-03 08:00:00,Social,Always_On,0,0.0
user_555,2023-02-21 12:00:00,Social,Always_On,0,0.0
user_555,2023-02-22 02:00:00,Direct,Summer_Promo,0,0.0
user_555,2023-02-23 04:00:00,Email,Summer_Promo,0,0.0
user_555,2023-02-24 19:00:00,Social,Winter_Special,0,0.0
user_556,2023-01-20 18:00:00,Social,Spring_Sale,0,0.0
user_556,2023-01-21 21:00:00,Display,Summer_Promo,0,0.0
user_557,2023-01-20 07:00:00,Direct,Spring_Sale,0,0.0
user_557,2023-01-21 13:00:00,Direct,Fall_Discount,0,0.0
user_557,2023-01-22 11:00:00,Search,Spring_Sale,0,0.0
user_557,2023-01-23 06:00:00,Display,Fall_Discount,0,0.0
user_557,2023-01-24 12:00:00,Social,Fall_Discount,0,0.0
user_557,2023-01-25 18:00:00,Search,Always_On,0,0.0
user_557,2023-01-26 12:00:00,Email,Summer_Promo,1,125.46
user_558,2023-02-09 08:00:00,Direct,Spring_Sale,0,0.0
user_558,2023-02-10 01:00:00,Social,Winter_Special,1,159.87
user_559,2023-02-11 20:00:00,Social,Spring_Sale,0,0.0
user_559,2023-02-12 22:00:00,Search,Always_On,0,0.0
user_559,2023-02-13 18:00:00,Display,Always_On,0,0.0
user_56,2023-02-03 02:00:00,Direct,Winter_Special,0,0.0
user_56,2023-02-04 09:00:00,Display,Spring_Sale,0,0.0
user_56,2023-02-05 17:00:00,Email,Spring_Sale,1,90.3
user_560,2023-01-30 07:00:00,Email,Summer_Promo,0,0.0
user_560,2023-01-31 13:00:00,Display,Fall_Discount,0,0.0
user_560,2023-02-01 22:00:00,Email,Winter_Special,0,0.0
user_560,2023-02-02 14:00:00,Direct,Winter_Special,0,0.0
user_560,2023-02-03 10:00:00,Email,Summer_Promo,1,99.95
user_561,2023-02-14 00:00:00,Social,Spring_Sale,0,0.0
user_562,2023-02-07 14:00:00,Display,Spring_Sale,0,0.0
user_562,2023-02-08 23:00:00,Display,Summer_Promo,0,0.0
user_562,2023-02-09 08:00:00,Display,Spring_Sale,0,0.0
user_562,2023-02-10 22:00:00,Search,Always_On,0,0.0
user_562,2023-02-11 03:00:00,Social,Always_On,0,0.0
user_562,2023-02-12 13:00:00,Email,Fall_Discount,0,0.0
user_562,2023-02-13 05:00:00,Display,Spring_Sale,0,0.0
user_562,2023-02-14 07:00:00,Social,Summer_Promo,0,0.0
user_563,2023-01-25 16:00:00,Direct,Winter_Special,0,0.0
user_564,2023-01-31 15:00:00,Email,Always_On,0,0.0
user_564,2023-02-01 22:00:00,Email,Spring_Sale,0,0.0
user_564,2023-02-02 10:00:00,Search,Winter_Special,0,0.0
user_564,2023-02-03 05:00:00,Display,Summer_Promo,0,0.0
user_564,2023-02-04 07:00:00,Social,Winter_Special,0,0.0
user_564,2023-02-05 11:00:00,Search,Summer_Promo,0,0.0
user_564,2023-02-06 02:00:00,Display,Spring_Sale,0,0.0
user_564,2023-02-07 21:00:00,Direct,Fall_Discount,0,0.0
user_564,2023-02-08 19:00:00,Direct,Winter_Special,0,0.0
user_565,2023-01-24 03:00:00,Social,Always_On,0,0.0
user_565,2023-01-25 09:00:00,Direct,Summer_Promo,0,0.0
user_565,2023-01-26 08:00:00,Display,Fall_Discount,0,0.0
user_565,2023-01-27 16:00:00,Direct,Spring_Sale,0,0.0
user_565,2023-01-28 03:00:00,Email,Spring_Sale,0,0.0
user_565,2023-01-29 19:00:00,Search,Always_On,0,0.0
user_565,2023-01-30 21:00:00,Display,Winter_Special,0,0.0
user_566,2023-01-28 08:00:00,Direct,Fall_Discount,0,0.0
user_566,2023-01-29 11:00:00,Social,Fall_Discount,0,0.0
user_566,2023-01-30 17:00:00,Email,Winter_Special,0,0.0
user_566,2023-01-31 18:00:00,Email,Spring_Sale,0,0.0
user_566,2023-02-01 15:00:00,Display,Winter_Special,0,0.0
user_566,2023-02-02 12:00:00,Direct,Always_On,0,0.0
user_566,2023-02-03 04:00:00,Direct,Winter_Special,1,87.62
user_567,2023-02-26 15:00:00,Social,Spring_Sale,0,0.0
user_568,2023-01-09 22:00:00,Email,Always_On,0,0.0
user_568,2023-01-10 18:00:00,Search,Spring_Sale,1,88.02
user_569,2023-02-28 22:00:00,Search,Fall_Discount,0,0.0
user_569,2023-03-01 22:00:00,Email,Fall_Discount,0,0.0
user_569,2023-03-02 01:00:00,Email,Summer_Promo,0,0.0
user_569,2023-03-03 19:00:00,Direct,Summer_Promo,0,0.0
user_569,2023-03-04 19:00:00,Email,Spring_Sale,0,0.0
user_569,2023-03-05 21:00:00,Social,Spring_Sale,0,0.0
user_57,2023-01-02 06:00:00,Direct,Spring_Sale,0,0.0
user_57,2023-01-03 12:00:00,Email,Winter_Special,0,0.0
user_57,2023-01-04 05:00:00,Direct,Fall_Discount,0,0.0
user_57,2023-01-05 03:00:00,Direct,Summer_Promo,0,0.0
user_57,2023-01-06 04:00:00,Social,Spring_Sale,0,0.0
user_57,2023-01-07 22:00:00,Social,Winter_Special,0,0.0
user_57,2023-01-08 05:00:00,Direct,Fall_Discount,0,0.0
user_57,2023-01-09 12:00:00,Social,Winter_Special,0,0.0
user_570,2023-02-01 01:00:00,Direct,Summer_Promo,0,0.0
user_571,2023-01-03 03:00:00,Social,Always_On,0,0.0
user_571,2023-01-04 17:00:00,Social,Fall_Discount,0,0.0
user_571,2023-01-05 17:00:00,Search,Always_On,0,0.0
user_571,2023-01-06 23:00:00,Email,Always_On,0,0.0
user_571,2023-01-07 21:00:00,Display,Summer_Promo,0,0.0
user_571,2023-01-08 01:00:00,Email,Spring_Sale,0,0.0
user_571,2023-01-09 10:00:00,Direct,Always_On,0,0.0
user_571,2023-01-10 22:00:00,Social,Winter_Special,0,0.0
user_571,2023-01-11 12:00:00,Search,Spring_Sale,0,0.0
user_572,2023-02-04 12:00:00,Search,Summer_Promo,0,0.0
user_572,2023-02-05 18:00:00,Direct,Always_On,0,0.0
user_573,2023-01-21 19:00:00,Social,Always_On,0,0.0
user_573,2023-01-22 01:00:00,Email,Winter_Special,0,0.0
user_574,2023-02-08 23:00:00,Social,Summer_Promo,0,0.0
user_574,2023-02-09 12:00:00,Search,Always_On,0,0.0
user_574,2023-02-10 11:00:00,Social,Always_On,0,0.0
user_575,2023-02-17 15:00:00,Search,Fall_Discount,0,0.0
user_575,2023-02-18 07:00:00,Display,Fall_Discount,0,0.0
user_575,2023-02-19 16:00:00,Social,Always_On,0,0.0
user_576,2023-02-07 09:00:00,Direct,Fall_Discount,0,0.0
user_577,2023-02-24 16:00:00,Display,Spring_Sale,0,0.0
user_577,2023-02-25 09:00:00,Display,Winter_Special,0,0.0
user_577,2023-02-26 22:00:00,Search,Fall_Discount,0,0.0
user_577,2023-02-27 17:00:00,Direct,Fall_Discount,0,0.0
user_577,2023-02-28 09:00:00,Social,Summer_Promo,0,0.0
user_577,2023-03-01 23:00:00,Social,Always_On,0,0.0
user_577,2023-03-02 01:00:00,Search,Always_On,0,0.0
user_577,2023-03-03 11:00:00,Search,Summer_Promo,0,0.0
user_578,2023-02-02 11:00:00,Display,Always_On,0,0.0
user_578,2023-02-03 16:00:00,Social,Always_On,0,0.0
user_578,2023-02-04 05:00:00,Social,Spring_Sale,0,0.0
user_578,2023-02-05 02:00:00,Email,Spring_Sale,0,0.0
user_579,2023-02-28 12:00:00,Email,Spring_Sale,0,0.0
user_58,2023-01-10 20:00:00,Direct,Spring_Sale,0,0.0
user_58,2023-01-11 21:00:00,Social,Summer_Promo,0,0.0
user_58,2023-01-12 03:00:00,Email,Always_On,0,0.0
user_58,2023-01-13 10:00:00,Direct,Always_On,0,0.0
user_58,2023-01-14 06:00:00,Display,Spring_Sale,0,0.0
user_58,2023-01-15 23:00:00,Social,Always_On,0,0.0
user_58,2023-01-16 18:00:00,Display,Winter_Special,0,0.0
user_580,2023-02-15 10:00:00,Direct,Winter_Special,0,0.0
user_580,2023-02-16 04:00:00,Display,Fall_Discount,0,0.0
user_580,2023-02-17 15:00:00,Email,Always_On,1,78.72
user_581,2023-02-23 23:00:00,Social,Spring_Sale,0,0.0
user_581,2023-02-24 04:00:00,Email,Always_On,0,0.0
user_581,2023-02-25 14:00:00,Search,Spring_Sale,0,0.0
user_581,2023-02-26 05:00:00,Display,Summer_Promo,0,0.0
user_581,2023-02-27 15:00:00,Display,Winter_Special,0,0.0
user_581,2023-02-28 14:00:00,Search,Summer_Promo,0,0.0
user_581,2023-03-01 20:00:00,Email,Spring_Sale,0,0.0
user_581,2023-03-02 02:00:00,Email,Fall_Discount,0,0.0
user_581,2023-03-03 08:00:00,Direct,Summer_Promo,0,0.0
user_582,2023-02-20 18:00:00,Email,Fall_Discount,0,0.0
user_582,2023-02-21 09:00:00,Direct,Winter_Special,0,0.0
user_582,2023-02-22 23:00:00,Search,Always_On,0,0.0
user_583,2023-02-12 05:00:00,Display,Fall_Discount,0,0.0
user_583,2023-02-13 09:00:00,Email,Spring_Sale,0,0.0
user_583,2023-02-14 22:00:00,Display,Winter_Special,0,0.0
user_584,2023-02-12 20:00:00,Display,Fall_Discount,0,0.0
user_584,2023-02-13 21:00:00,Social,Always_On,0,0.0
user_584,2023-02-14 13:00:00,Display,Always_On,0,0.0
user_584,2023-02-15 13:00:00,Display,Always_On,0,0.0
user_584,2023-02-16 07:00:00,Search,Fall_Discount,0,0.0
user_584,2023-02-17 14:00:00,Display,Always_On,0,0.0
user_584,2023-02-18 05:00:00,Social,Winter_Special,0,0.0
user_584,2023-02-19 22:00:00,Search,Winter_Special,0,0.0
user_585,2023-01-10 10:00:00,Search,Fall_Discount,0,0.0
user_585,2023-01-11 13:00:00,Direct,Summer_Promo,0,0.0
user_585,2023-01-12 23:00:00,Direct,Always_On,0,0.0
user_586,2023-02-17 05:00:00,Search,Winter_Special,0,0.0
user_586,2023-02-18 15:00:00,Display,Always_On,0,0.0
user_586,2023-02-19 03:00:00,Social,Spring_Sale,0,0.0
user_586,2023-02-20 23:00:00,Display,Winter_Special,0,0.0
user_587,2023-02-19 13:00:00,Direct,Always_On,0,0.0
user_587,2023-02-20 15:00:00,Search,Always_On,0,0.0
user_587,2023-02-21 05:00:00,Search,Always_On,0,0.0
user_587,2023-02-22 00:00:00,Display,Winter_Special,0,0.0
user_588,2023-01-27 01:00:00,Email,Always_On,0,0.0
user_588,2023-01-28 03:00:00,Search,Fall_Discount,0,0.0
user_588,2023-01-29 09:00:00,Email,Spring_Sale,0,0.0
user_588,2023-01-30 23:00:00,Direct,Fall_Discount,0,0.0
user_588,2023-01-31 19:00:00,Email,Always_On,0,0.0
user_589,2023-01-16 17:00:00,Social,Always_On,0,0.0
user_589,2023-01-17 06:00:00,Search,Fall_Discount,0,0.0
user_589,2023-01-18 04:00:00,Search,Fall_Discount,0,0.0
user_589,2023-01-19 05:00:00,Display,Always_On,0,0.0
user_589,2023-01-20 23:00:00,Email,Winter_Special,0,0.0
user_589,2023-01-21 23:00:00,Search,Spring_Sale,0,0.0
user_59,2023-02-28 01:00:00,Direct,Fall_Discount,0,0.0
user_590,2023-02-01 20:00:00,Search,Spring_Sale,0,0.0
user_590,2023-02-02 07:00:00,Email,Fall_Discount,0,0.0
user_590,2023-02-03 20:00:00,Search,Summer_Promo,0,0.0
user_590,2023-02-04 11:00:00,Display,Fall_Discount,0,0.0
user_591,2023-02-11 05:00:00,Email,Fall_Discount,0,0.0
user_592,2023-03-01 17:00:00,Display,Fall_Discount,0,0.0
user_592,2023-03-02 15:00:00,Direct,Summer_Promo,0,0.0
user_592,2023-03-03 11:00:00,Social,Always_On,0,0.0
user_592,2023-03-04 10:00:00,Social,Winter_Special,0,0.0
user_592,2023-03-05 12:00:00,Email,Summer_Promo,0,0.0
user_592,2023-03-06 08:00:00,Search,Fall_Discount,0,0.0
user_592,2023-03-07 06:00:00,Search,Summer_Promo,0,0.0
user_592,2023-03-08 09:00:00,Email,Always_On,0,0.0
user_593,2023-02-22 23:00:00,Direct,Spring_Sale,0,0.0
user_593,2023-02-23 21:00:00,Search,Fall_Discount,0,0.0
user_593,2023-02-24 02:00:00,Email,Summer_Promo,0,0.0
user_593,2023-02-25 09:00:00,Display,Spring_Sale,1,64.4
user_594,2023-01-21 22:00:00,Display,Always_On,0,0.0
user_595,2023-02-23 16:00:00,Search,Winter_Special,0,0.0
user_595,2023-02-24 12:00:00,Direct,Always_On,0,0.0
user_595,2023-02-25 23:00:00,Direct,Always_On,0,0.0
user_595,2023-02-26 20:00:00,Search,Always_On,0,0.0
user_595,2023-02-27 15:00:00,Direct,Winter_Special,0,0.0
user_595,2023-02-28 17:00:00,Social,Always_On,0,0.0
user_595,2023-03-01 10:00:00,Email,Spring_Sale,0,0.0
user_595,2023-03-02 19:00:00,Direct,Always_On,0,0.0
user_595,2023-03-03 12:00:00,Social,Winter_Special,0,0.0
user_596,2023-02-01 20:00:00,Social,Summer_Promo,0,0.0
user_596,2023-02-02 07:00:00,Search,Winter_Special,0,0.0
user_596,2023-02-03 09:00:00,Email,Winter_Special,0,0.0
user_596,2023-02-04 16:00:00,Direct,Fall_Discount,0,0.0
user_596,2023-02-05 20:00:00,Social,Summer_Promo,0,0.0
user_596,2023-02-06 03:00:00,Display,Winter_Special,0,0.0
user_596,2023-02-07 03:00:00,Email,Always_On,0,0.0
user_596,2023-02-08 07:00:00,Direct,Always_On,0,0.0
user_596,2023-02-09 05:00:00,Search,Winter_Special,0,0.0
user_597,2023-01-16 08:00:00,Email,Spring_Sale,0,0.0
user_597,2023-01-17 23:00:00,Social,Fall_Discount,0,0.0
user_597,2023-01-18 15:00:00,Search,Always_On,0,0.0
user_597,2023-01-19 15:00:00,Search,Winter_Special,0,0.0
user_597,2023-01-20 23:00:00,Display,Winter_Special,0,0.0
user_598,2023-01-28 16:00:00,Email,Always_On,0,0.0
user_598,2023-01-29 06:00:00,Social,Fall_Discount,0,0.0
user_598,2023-01-30 17:00:00,Direct,Fall_Discount,0,0.0
user_598,2023-01-31 04:00:00,Display,Spring_Sale,0,0.0
user_598,2023-02-01 05:00:00,Social,Spring_Sale,0,0.0
user_598,2023-02-02 12:00:00,Display,Fall_Discount,0,0.0
user_599,2023-01-17 10:00:00,Search,Always_On,0,0.0
user_599,2023-01-18 16:00:00,Direct,Summer_Promo,0,0.0
user_6,2023-01-24 11:00:00,Direct,Fall_Discount,0,0.0
user_6,2023-01-25 00:00:00,Email,Fall_Discount,0,0.0
user_6,2023-01-26 04:00:00,Email,Spring_Sale,0,0.0
user_6,2023-01-27 14:00:00,Email,Spring_Sale,0,0.0
user_6,2023-01-28 12:00:00,Social,Winter_Special,0,0.0
user_6,2023-01-29 03:00:00,Search,Winter_Special,0,0.0
user_6,2023-01-30 03:00:00,Direct,Fall_Discount,0,0.0
user_60,2023-02-22 07:00:00,Search,Spring_Sale,0,0.0
user_60,2023-02-23 10:00:00,Search,Always_On,0,0.0
user_600,2023-02-11 14:00:00,Direct,Winter_Special,0,0.0
user_600,2023-02-12 12:00:00,Email,Always_On,0,0.0
user_600,2023-02-13 04:00:00,Display,Summer_Promo,0,0.0
user_600,2023-02-14 19:00:00,Social,Summer_Promo,0,0.0
user_601,2023-01-11 10:00:00,Search,Fall_Discount,0,0.0
user_601,2023-01-12 18:00:00,Search,Fall_Discount,0,0.0
user_601,2023-01-13 17:00:00,Display,Winter_Special,0,0.0
user_602,2023-01-23 11:00:00,Social,Summer_Promo,0,0.0
user_602,2023-01-24 17:00:00,Search,Fall_Discount,0,0.0
user_602,2023-01-25 00:00:00,Social,Always_On,0,0.0
user_602,2023-01-26 17:00:00,Social,Always_On,0,0.0
user_602,2023-01-27 11:00:00,Display,Spring_Sale,0,0.0
user_603,2023-01-26 07:00:00,Social,Winter_Special,0,0.0
user_604,2023-01-01 00:00:00,Email,Summer_Promo,1,107.02
user_605,2023-02-11 09:00:00,Social,Spring_Sale,0,0.0
user_605,2023-02-12 08:00:00,Direct,Fall_Discount,1,73.01
user_606,2023-03-01 21:00:00,Email,Winter_Special,0,0.0
user_606,2023-03-02 01:00:00,Direct,Summer_Promo,0,0.0
user_606,2023-03-03 05:00:00,Social,Spring_Sale,0,0.0
user_606,2023-03-04 09:00:00,Social,Always_On,0,0.0
user_606,2023-03-05 08:00:00,Direct,Winter_Special,0,0.0
user_606,2023-03-06 06:00:00,Direct,Summer_Promo,0,0.0
user_607,2023-01-15 18:00:00,Social,Winter_Special,0,0.0
user_607,2023-01-16 12:00:00,Social,Spring_Sale,0,0.0
user_607,2023-01-17 00:00:00,Display,Fall_Discount,0,0.0
user_607,2023-01-18 23:00:00,Direct,Summer_Promo,0,0.0
user_607,2023-01-19 15:00:00,Direct,Fall_Discount,0,0.0
user_608,2023-01-03 13:00:00,Email,Fall_Discount,0,0.0
user_608,2023-01-04 03:00:00,Search,Fall_Discount,0,0.0
user_608,2023-01-05 01:00:00,Email,Always_On,0,0.0
user_608,2023-01-06 22:00:00,Email,Always_On,0,0.0
user_608,2023-01-07 05:00:00,Direct,Fall_Discount,1,115.67
user_609,2023-02-04 01:00:00,Search,Summer_Promo,0,0.0
user_609,2023-02-05 22:00:00,Social,Always_On,0,0.0
user_61,2023-02-08 17:00:00,Email,Fall_Discount,0,0.0
user_61,2023-02-09 05:00:00,Display,Fall_Discount,0,0.0
user_61,2023-02-10 11:00:00,Email,Always_On,0,0.0
user_61,2023-02-11 16:00:00,Search,Always_On,0,0.0
user_61,2023-02-12 15:00:00,Search,Winter_Special,0,0.0
user_61,2023-02-13 22:00:00,Direct,Spring_Sale,0,0.0
user_61,2023-02-14 11:00:00,Search,Summer_Promo,0,0.0
user_61,2023-02-15 12:00:00,Social,Spring_Sale,0,0.0
user_61,2023-02-16 22:00:00,Social,Spring_Sale,0,0.0
user_610,2023-01-29 04:00:00,Direct,Always_On,0,0.0
user_611,2023-01-12 23:00:00,Social,Always_On,0,0.0
user_611,2023-01-13 06:00:00,Social,Always_On,0,0.0
user_611,2023-01-14 08:00:00,Social,Always_On,0,0.0
user_611,2023-01-15 08:00:00,Email,Fall_Discount,0,0.0
user_611,2023-01-16 12:00:00,Search,Summer_Promo,0,0.0
user_611,2023-01-17 21:00:00,Search,Winter_Special,0,0.0
user_611,2023-01-18 18:00:00,Email,Always_On,0,0.0
user_611,2023-01-19 03:00:00,Social,Always_On,0,0.0
user_612,2023-01-20 16:00:00,Social,Always_On,0,0.0
user_612,2023-01-21 12:00:00,Display,Winter_Special,0,0.0
user_612,2023-01-22 13:00:00,Social,Summer_Promo,0,0.0
user_612,2023-01-23 23:00:00,Search,Summer_Promo,0,0.0
user_612,2023-01-24 14:00:00,Email,Always_On,0,0.0
user_612,2023-01-25 02:00:00,Direct,Summer_Promo,0,0.0
user_612,2023-01-26 18:00:00,Display,Winter_Special,0,0.0
user_613,2023-02-16 19:00:00,Search,Always_On,0,0.0
user_613,2023-02-17 13:00:00,Email,Fall_Discount,0,0.0
user_613,2023-02-18 13:00:00,Display,Spring_Sale,0,0.0
user_613,2023-02-19 21:00:00,Direct,Summer_Promo,0,0.0
user_613,2023-02-20 17:00:00,Social,Always_On,0,0.0
user_613,2023-02-21 03:00:00,Direct,Fall_Discount,0,0.0
user_613,2023-02-22 11:00:00,Search,Fall_Discount,0,0.0
user_613,2023-02-23 17:00:00,Direct,Summer_Promo,0,0.0
user_614,2023-02-15 23:00:00,Direct,Summer_Promo,0,0.0
user_614,2023-02-16 03:00:00,Social,Winter_Special,0,0.0
user_614,2023-02-17 04:00:00,Email,Winter_Special,0,0.0
user_614,2023-02-18 04:00:00,Social,Fall_Discount,0,0.0
user_614,2023-02-19 11:00:00,Email,Winter_Special,0,0.0
user_614,2023-02-20 15:00:00,Search,Always_On,0,0.0
user_614,2023-02-21 06:00:00,Direct,Spring_Sale,0,0.0
user_614,2023-02-22 01:00:00,Social,Winter_Special,0,0.0
user_615,2023-01-04 09:00:00,Display,Fall_Discount,0,0.0
user_615,2023-01-05 20:00:00,Search,Spring_Sale,0,0.0
user_615,2023-01-06 22:00:00,Search,Winter_Special,0,0.0
user_616,2023-01-11 19:00:00,Email,Always_On,0,0.0
user_616,2023-01-12 10:00:00,Social,Spring_Sale,0,0.0
user_617,2023-02-28 07:00:00,Email,Summer_Promo,0,0.0
user_617,2023-03-01 03:00:00,Display,Always_On,0,0.0
user_617,2023-03-02 19:00:00,Display,Spring_Sale,0,0.0
user_617,2023-03-03 19:00:00,Display,Summer_Promo,0,0.0
user_617,2023-03-04 07:00:00,Direct,Fall_Discount,0,0.0
user_618,2023-02-26 12:00:00,Search,Winter_Special,0,0.0
user_619,2023-01-30 00:00:00,Display,Winter_Special,0,0.0
user_619,2023-01-31 03:00:00,Direct,Fall_Discount,0,0.0
user_619,2023-02-01 17:00:00,Search,Winter_Special,0,0.0
user_619,2023-02-02 09:00:00,Display,Spring_Sale,0,0.0
user_619,2023-02-03 03:00:00,Social,Always_On,1,88.93
user_62,2023-02-27 18:00:00,Direct,Spring_Sale,0,0.0
user_62,2023-02-28 22:00:00,Social,Fall_Discount,0,0.0
user_62,2023-03-01 17:00:00,Display,Fall_Discount,0,0.0
user_62,2023-03-02 11:00:00,Search,Fall_Discount,0,0.0
user_62,2023-03-03 04:00:00,Social,Fall_Discount,0,0.0
user_62,2023-03-04 06:00:00,Social,Winter_Special,0,0.0
user_620,2023-01-14 09:00:00,Social,Fall_Discount,0,0.0
user_620,2023-01-15 02:00:00,Display,Spring_Sale,0,0.0
user_620,2023-01-16 14:00:00,Social,Winter_Special,0,0.0
user_620,2023-01-17 21:00:00,Social,Always_On,0,0.0
user_620,2023-01-18 19:00:00,Email,Always_On,0,0.0
user_620,2023-01-19 15:00:00,Social,Winter_Special,0,0.0
user_620,2023-01-20 00:00:00,Social,Winter_Special,0,0.0
user_620,2023-01-21 13:00:00,Direct,Winter_Special,0,0.0
user_621,2023-02-10 13:00:00,Email,Summer_Promo,0,0.0
user_621,2023-02-11 00:00:00,Direct,Winter_Special,0,0.0
user_621,2023-02-12 17:00:00,Search,Fall_Discount,1,185.6
user_622,2023-01-12 07:00:00,Direct,Summer_Promo,0,0.0
user_622,2023-01-13 00:00:00,Direct,Always_On,0,0.0
user_622,2023-01-14 06:00:00,Display,Summer_Promo,1,114.17
user_623,2023-02-08 07:00:00,Direct,Always_On,0,0.0
user_623,2023-02-09 18:00:00,Social,Summer_Promo,0,0.0
user_623,2023-02-10 12:00:00,Social,Winter_Special,0,0.0
user_623,2023-02-11 10:00:00,Display,Summer_Promo,0,0.0
user_623,2023-02-12 07:00:00,Social,Spring_Sale,0,0.0
user_623,2023-02-13 15:00:00,Direct,Fall_Discount,0,0.0
user_623,2023-02-14 11:00:00,Display,Always_On,0,0.0
user_623,2023-02-15 17:00:00,Social,Fall_Discount,0,0.0
user_624,2023-01-26 12:00:00,Display,Spring_Sale,0,0.0
user_624,2023-01-27 11:00:00,Search,Fall_Discount,0,0.0
user_624,2023-01-28 21:00:00,Search,Fall_Discount,0,0.0
user_624,2023-01-29 15:00:00,Display,Spring_Sale,0,0.0
user_624,2023-01-30 01:00:00,Email,Spring_Sale,0,0.0
user_624,2023-01-31 14:00:00,Display,Spring_Sale,0,0.0
user_624,2023-02-01 16:00:00,Direct,Always_On,0,0.0
user_624,2023-02-02 02:00:00,Direct,Spring_Sale,0,0.0
user_624,2023-02-03 08:00:00,Social,Spring_Sale,0,0.0
user_625,2023-02-13 06:00:00,Search,Spring_Sale,0,0.0
user_625,2023-02-14 12:00:00,Display,Summer_Promo,0,0.0
user_625,2023-02-15 11:00:00,Direct,Spring_Sale,0,0.0
user_625,2023-02-16 23:00:00,Display,Always_On,0,0.0
user_626,2023-02-22 17:00:00,Display,Summer_Promo,0,0.0
user_626,2023-02-23 14:00:00,Social,Fall_Discount,0,0.0
user_626,2023-02-24 23:00:00,Social,Winter_Special,0,0.0
user_626,2023-02-25 22:00:00,Social,Summer_Promo,0,0.0
user_626,2023-02-26 12:00:00,Display,Fall_Discount,0,0.0
user_626,2023-02-27 01:00:00,Email,Summer_Promo,1,104.36
user_627,2023-02-14 13:00:00,Social,Summer_Promo,0,0.0
user_627,2023-02-15 10:00:00,Email,Summer_Promo,0,0.0
user_627,2023-02-16 06:00:00,Search,Always_On,0,0.0
user_627,2023-02-17 20:00:00,Email,Summer_Promo,0,0.0
user_627,2023-02-18 23:00:00,Email,Winter_Special,0,0.0
user_628,2023-02-08 21:00:00,Search,Fall_Discount,0,0.0
user_628,2023-02-09 16:00:00,Search,Fall_Discount,0,0.0
user_628,2023-02-10 16:00:00,Direct,Winter_Special,0,0.0
user_628,2023-02-11 04:00:00,Search,Summer_Promo,0,0.0
user_628,2023-02-12 04:00:00,Display,Summer_Promo,0,0.0
user_628,2023-02-13 18:00:00,Email,Fall_Discount,0,0.0
user_629,2023-02-07 11:00:00,Search,Fall_Discount,0,0.0
user_629,2023-02-08 21:00:00,Search,Fall_Discount,0,0.0
user_629,2023-02-09 10:00:00,Email,Summer_Promo,0,0.0
user_629,2023-02-10 13:00:00,Direct,Always_On,0,0.0
user_629,2023-02-11 07:00:00,Social,Fall_Discount,0,0.0
user_629,2023-02-12 15:00:00,Display,Summer_Promo,0,0.0
user_629,2023-02-13 21:00:00,Display,Fall_Discount,0,0.0
user_629,2023-02-14 01:00:00,Direct,Spring_Sale,0,0.0
user_629,2023-02-15 18:00:00,Search,Summer_Promo,0,0.0
user_63,2023-01-04 12:00:00,Direct,Spring_Sale,0,0.0
user_630,2023-01-20 16:00:00,Direct,Always_On,0,0.0
user_631,2023-02-15 13:00:00,Social,Fall_Discount,0,0.0
user_631,2023-02-16 18:00:00,Email,Winter_Special,0,0.0
user_631,2023-02-17 18:00:00,Direct,Winter_Special,0,0.0
user_632,2023-01-20 12:00:00,Display,Summer_Promo,0,0.0
user_632,2023-01-21 16:00:00,Social,Fall_Discount,0,0.0
user_632,2023-01-22 22:00:00,Social,Winter_Special,0,0.0
user_632,2023-01-23 12:00:00,Email,Always_On,0,0.0
user_632,2023-01-24 19:00:00,Display,Always_On,0,0.0
user_633,2023-01-19 21:00:00,Direct,Always_On,0,0.0
user_633,2023-01-20 22:00:00,Display,Fall_Discount,0,0.0
user_633,2023-01-21 06:00:00,Social,Fall_Discount,0,0.0
user_633,2023-01-22 09:00:00,Search,Summer_Promo,1,102.2
user_634,2023-01-15 19:00:00,Search,Summer_Promo,0,0.0
user_634,2023-01-16 11:00:00,Search,Winter_Special,0,0.0
user_634,2023-01-17 09:00:00,Display,Spring_Sale,0,0.0
user_634,2023-01-18 03:00:00,Search,Spring_Sale,0,0.0
user_634,2023-01-19 07:00:00,Display,Summer_Promo,0,0.0
user_634,2023-01-20 21:00:00,Search,Winter_Special,0,0.0
user_634,2023-01-21 02:00:00,Search,Fall_Discount,0,0.0
user_634,2023-01-22 18:00:00,Search,Always_On,0,0.0
user_635,2023-01-14 17:00:00,Social,Spring_Sale,0,0.0
user_635,2023-01-15 07:00:00,Email,Always_On,1,198.56
user_636,2023-01-22 23:00:00,Email,Always_On,0,0.0
user_636,2023-01-23 06:00:00,Search,Winter_Special,0,0.0
user_636,2023-01-24 08:00:00,Search,Winter_Special,1,52.17
user_637,2023-01-20 21:00:00,Social,Always_On,0,0.0
user_637,2023-01-21 12:00:00,Direct,Winter_Special,0,0.0
user_637,2023-01-22 23:00:00,Display,Summer_Promo,0,0.0
user_637,2023-01-23 17:00:00,Display,Always_On,0,0.0
user_637,2023-01-24 23:00:00,Direct,Winter_Special,0,0.0
user_637,2023-01-25 21:00:00,Direct,Winter_Special,0,0.0
user_637,2023-01-26 02:00:00,Search,Spring_Sale,0,0.0
user_637,2023-01-27 18:00:00,Social,Winter_Special,0,0.0
user_638,2023-02-18 01:00:00,Display,Spring_Sale,0,0.0
user_638,2023-02-19 18:00:00,Search,Summer_Promo,0,0.0
user_638,2023-02-20 20:00:00,Direct,Fall_Discount,0,0.0
user_638,2023-02-21 07:00:00,Social,Fall_Discount,0,0.0
user_638,2023-02-22 15:00:00,Social,Fall_Discount,0,0.0
user_638,2023-02-23 06:00:00,Display,Spring_Sale,0,0.0
user_638,2023-02-24 18:00:00,Display,Fall_Discount,0,0.0
user_638,2023-02-25 12:00:00,Search,Spring_Sale,0,0.0
user_639,2023-02-05 15:00:00,Social,Winter_Special,0,0.0
user_64,2023-02-24 01:00:00,Email,Summer_Promo,1,181.21
user_640,2023-02-22 18:00:00,Direct,Always_On,0,0.0
user_640,2023-02-23 10:00:00,Social,Fall_Discount,0,0.0
user_640,2023-02-24 09:00:00,Display,Fall_Discount,0,0.0
user_640,2023-02-25 07:00:00,Display,Spring_Sale,0,0.0
user_641,2023-02-16 19:00:00,Direct,Always_On,0,0.0
user_641,2023-02-17 22:00:00,Social,Always_On,0,0.0
user_641,2023-02-18 19:00:00,Direct,Always_On,0,0.0
user_641,2023-02-19 02:00:00,Social,Summer_Promo,0,0.0
user_641,2023-02-20 07:00:00,Direct,Always_On,1,131.84
user_642,2023-02-18 12:00:00,Email,Summer_Promo,0,0.0
user_642,2023-02-19 20:00:00,Display,Winter_Special,0,0.0
user_642,2023-02-20 02:00:00,Email,Fall_Discount,0,0.0
user_642,2023-02-21 18:00:00,Direct,Winter_Special,0,0.0
user_642,2023-02-22 06:00:00,Search,Spring_Sale,0,0.0
user_642,2023-02-23 10:00:00,Direct,Winter_Special,0,0.0
user_642,2023-02-24 19:00:00,Search,Spring_Sale,0,0.0
user_642,2023-02-25 08:00:00,Email,Always_On,1,154.85
user_643,2023-01-24 09:00:00,Direct,Winter_Special,0,0.0
user_644,2023-01-02 16:00:00,Email,Fall_Discount,0,0.0
user_644,2023-01-03 00:00:00,Search,Always_On,0,0.0
user_644,2023-01-04 11:00:00,Display,Fall_Discount,0,0.0
user_644,2023-01-05 11:00:00,Search,Summer_Promo,0,0.0
user_644,2023-01-06 09:00:00,Display,Fall_Discount,0,0.0
user_644,2023-01-07 08:00:00,Social,Always_On,0,0.0
user_644,2023-01-08 19:00:00,Social,Fall_Discount,0,0.0
user_644,2023-01-09 21:00:00,Direct,Spring_Sale,0,0.0
user_644,2023-01-10 14:00:00,Social,Summer_Promo,0,0.0
user_645,2023-01-25 07:00:00,Direct,Spring_Sale,0,0.0
user_645,2023-01-26 05:00:00,Display,Fall_Discount,0,0.0
user_645,2023-01-27 20:00:00,Display,Summer_Promo,0,0.0
user_645,2023-01-28 21:00:00,Display,Spring_Sale,0,0.0
user_646,2023-01-03 13:00:00,Social,Summer_Promo,1,56.98
user_647,2023-01-09 15:00:00,Search,Always_On,0,0.0
user_647,2023-01-10 07:00:00,Email,Summer_Promo,0,0.0
user_648,2023-01-23 16:00:00,Direct,Always_On,0,0.0
user_649,2023-02-07 06:00:00,Social,Winter_Special,0,0.0
user_65,2023-02-01 06:00:00,Email,Fall_Discount,1,57.9
user_650,2023-02-01 20:00:00,Search,Winter_Special,0,0.0
user_651,2023-01-30 14:00:00,Social,Fall_Discount,0,0.0
user_651,2023-01-31 13:00:00,Search,Summer_Promo,0,0.0
user_651,2023-02-01 08:00:00,Display,Summer_Promo,0,0.0
user_651,2023-02-02 16:00:00,Social,Winter_Special,0,0.0
user_651,2023-02-03 15:00:00,Social,Summer_Promo,0,0.0
user_651,2023-02-04 13:00:00,Display,Fall_Discount,0,0.0
user_651,2023-02-05 02:00:00,Display,Spring_Sale,0,0.0
user_651,2023-02-06 06:00:00,Social,Winter_Special,0,0.0
user_652,2023-01-19 00:00:00,Email,Spring_Sale,0,0.0
user_652,2023-01-20 13:00:00,Social,Spring_Sale,0,0.0
user_652,2023-01-21 00:00:00,Display,Always_On,0,0.0
user_652,2023-01-22 10:00:00,Display,Fall_Discount,0,0.0
user_652,2023-01-23 03:00:00,Social,Always_On,0,0.0
user_652,2023-01-24 16:00:00,Display,Summer_Promo,0,0.0
user_652,2023-01-25 10:00:00,Social,Spring_Sale,0,0.0
user_652,2023-01-26 20:00:00,Email,Always_On,0,0.0
user_653,2023-01-05 17:00:00,Search,Always_On,0,0.0
user_653,2023-01-06 01:00:00,Display,Winter_Special,0,0.0
user_653,2023-01-07 23:00:00,Search,Spring_Sale,0,0.0
user_653,2023-01-08 23:00:00,Search,Winter_Special,0,0.0
user_653,2023-01-09 10:00:00,Search,Summer_Promo,0,0.0
user_653,2023-01-10 17:00:00,Display,Fall_Discount,0,0.0
user_653,2023-01-11 12:00:00,Search,Winter_Special,0,0.0
user_654,2023-01-04 12:00:00,Display,Winter_Special,0,0.0
user_654,2023-01-05 05:00:00,Social,Winter_Special,0,0.0
user_654,2023-01-06 09:00:00,Email,Winter_Special,0,0.0
user_654,2023-01-07 19:00:00,Search,Always_On,0,0.0
user_655,2023-02-19 03:00:00,Display,Always_On,0,0.0
user_655,2023-02-20 13:00:00,Direct,Spring_Sale,0,0.0
user_655,2023-02-21 06:00:00,Social,Fall_Discount,0,0.0
user_655,2023-02-22 15:00:00,Display,Always_On,0,0.0
user_655,2023-02-23 23:00:00,Email,Summer_Promo,0,0.0
user_655,2023-02-24 23:00:00,Email,Fall_Discount,0,0.0
user_655,2023-02-25 11:00:00,Search,Summer_Promo,0,0.0
user_656,2023-01-25 01:00:00,Social,Summer_Promo,0,0.0
user_656,2023-01-26 12:00:00,Direct,Spring_Sale,0,0.0
user_656,2023-01-27 13:00:00,Direct,Always_On,1,52.52
user_657,2023-02-23 06:00:00,Email,Spring_Sale,1,115.41
user_658,2023-02-26 21:00:00,Email,Fall_Discount,0,0.0
user_658,2023-02-27 18:00:00,Search,Winter_Special,0,0.0
user_658,2023-02-28 18:00:00,Display,Spring_Sale,0,0.0
user_658,2023-03-01 04:00:00,Direct,Fall_Discount,0,0.0
user_658,2023-03-02 07:00:00,Email,Summer_Promo,0,0.0
user_658,2023-03-03 17:00:00,Social,Always_On,0,0.0
user_658,2023-03-04 19:00:00,Display,Spring_Sale,0,0.0
user_658,2023-03-05 14:00:00,Email,Fall_Discount,0,0.0
user_659,2023-02-14 03:00:00,Email,Spring_Sale,1,160.87
user_66,2023-01-29 15:00:00,Direct,Winter_Special,0,0.0
user_660,2023-02-16 23:00:00,Display,Spring_Sale,0,0.0
user_660,2023-02-17 16:00:00,Direct,Spring_Sale,0,0.0
user_660,2023-02-18 00:00:00,Search,Spring_Sale,0,0.0
user_660,2023-02-19 05:00:00,Search,Winter_Special,0,0.0
user_660,2023-02-20 07:00:00,Social,Winter_Special,0,0.0
user_660,2023-02-21 10:00:00,Email,Winter_Special,0,0.0
user_660,2023-02-22 02:00:00,Social,Fall_Discount,0,0.0
user_661,2023-01-30 05:00:00,Direct,Always_On,0,0.0
user_661,2023-01-31 15:00:00,Social,Winter_Special,0,0.0
user_661,2023-02-01 08:00:00,Direct,Spring_Sale,0,0.0
user_661,2023-02-02 05:00:00,Search,Always_On,0,0.0
user_661,2023-02-03 19:00:00,Display,Spring_Sale,0,0.0
user_662,2023-01-21 12:00:00,Search,Fall_Discount,0,0.0
user_662,2023-01-22 22:00:00,Display,Fall_Discount,0,0.0
user_662,2023-01-23 22:00:00,Display,Winter_Special,0,0.0
user_663,2023-02-02 19:00:00,Display,Summer_Promo,1,78.56
user_664,2023-01-22 08:00:00,Direct,Spring_Sale,0,0.0
user_664,2023-01-23 13:00:00,Direct,Summer_Promo,0,0.0
user_664,2023-01-24 20:00:00,Social,Winter_Special,0,0.0
user_664,2023-01-25 13:00:00,Email,Winter_Special,0,0.0
user_664,2023-01-26 11:00:00,Display,Spring_Sale,0,0.0
user_664,2023-01-27 16:00:00,Search,Summer_Promo,0,0.0
user_665,2023-02-11 20:00:00,Display,Spring_Sale,0,0.0
user_665,2023-02-12 18:00:00,Display,Winter_Special,0,0.0
user_665,2023-02-13 08:00:00,Social,Spring_Sale,0,0.0
user_665,2023-02-14 19:00:00,Email,Winter_Special,0,0.0
user_665,2023-02-15 07:00:00,Social,Winter_Special,0,0.0
user_666,2023-01-09 17:00:00,Search,Always_On,0,0.0
user_666,2023-01-10 13:00:00,Social,Fall_Discount,0,0.0
user_667,2023-01-29 08:00:00,Email,Fall_Discount,0,0.0
user_667,2023-01-30 19:00:00,Email,Winter_Special,0,0.0
user_667,2023-01-31 19:00:00,Display,Winter_Special,0,0.0
user_667,2023-02-01 03:00:00,Search,Fall_Discount,1,66.47
user_668,2023-01-16 16:00:00,Display,Summer_Promo,0,0.0
user_668,2023-01-17 23:00:00,Display,Summer_Promo,0,0.0
user_668,2023-01-18 01:00:00,Direct,Always_On,0,0.0
user_668,2023-01-19 08:00:00,Display,Spring_Sale,0,0.0
user_668,2023-01-20 14:00:00,Search,Winter_Special,0,0.0
user_668,2023-01-21 00:00:00,Social,Always_On,0,0.0
user_668,2023-01-22 21:00:00,Social,Winter_Special,0,0.0
user_668,2023-01-23 18:00:00,Search,Winter_Special,0,0.0
user_669,2023-02-28 09:00:00,Social,Fall_Discount,0,0.0
user_669,2023-03-01 14:00:00,Display,Always_On,0,0.0
user_669,2023-03-02 23:00:00,Display,Summer_Promo,0,0.0
user_669,2023-03-03 09:00:00,Social,Summer_Promo,0,0.0
user_669,2023-03-04 08:00:00,Social,Always_On,0,0.0
user_67,2023-01-10 04:00:00,Search,Winter_Special,0,0.0
user_67,2023-01-11 12:00:00,Search,Fall_Discount,0,0.0
user_67,2023-01-12 17:00:00,Social,Winter_Special,0,0.0
user_67,2023-01-13 20:00:00,Search,Spring_Sale,0,0.0
user_67,2023-01-14 23:00:00,Search,Spring_Sale,0,0.0
user_67,2023-01-15 04:00:00,Email,Summer_Promo,0,0.0
user_67,2023-01-16 05:00:00,Email,Winter_Special,0,0.0
user_67,2023-01-17 01:00:00,Email,Always_On,0,0.0
user_67,2023-01-18 07:00:00,Display,Winter_Special,0,0.0
user_670,2023-02-23 23:00:00,Search,Spring_Sale,0,0.0
user_670,2023-02-24 07:00:00,Display,Fall_Discount,0,0.0
user_670,2023-02-25 11:00:00,Email,Winter_Special,0,0.0
user_670,2023-02-26 12:00:00,Search,Spring_Sale,0,0.0
user_670,2023-02-27 15:00:00,Search,Spring_Sale,0,0.0
user_670,2023-02-28 17:00:00,Search,Always_On,0,0.0
user_670,2023-03-01 09:00:00,Display,Winter_Special,0,0.0
user_670,2023-03-02 20:00:00,Email,Always_On,1,54.87
user_671,2023-01-28 03:00:00,Search,Winter_Special,0,0.0
user_671,2023-01-29 06:00:00,Search,Spring_Sale,0,0.0
user_671,2023-01-30 06:00:00,Direct,Fall_Discount,0,0.0
user_671,2023-01-31 15:00:00,Email,Spring_Sale,0,0.0
user_671,2023-02-01 05:00:00,Email,Spring_Sale,0,0.0
user_671,2023-02-02 23:00:00,Search,Summer_Promo,1,92.77
user_672,2023-01-04 00:00:00,Social,Summer_Promo,0,0.0
user_672,2023-01-05 09:00:00,Display,Summer_Promo,0,0.0
user_672,2023-01-06 07:00:00,Social,Always_On,0,0.0
user_672,2023-01-07 06:00:00,Search,Winter_Special,0,0.0
user_673,2023-02-03 17:00:00,Display,Fall_Discount,0,0.0
user_673,2023-02-04 23:00:00,Email,Always_On,0,0.0
user_673,2023-02-05 04:00:00,Email,Spring_Sale,0,0.0
user_673,2023-02-06 00:00:00,Email,Winter_Special,0,0.0
user_673,2023-02-07 05:00:00,Direct,Fall_Discount,0,0.0
user_674,2023-02-17 21:00:00,Search,Always_On,0,0.0
user_674,2023-02-18 19:00:00,Social,Summer_Promo,0,0.0
user_674,2023-02-19 20:00:00,Search,Spring_Sale,0,0.0
user_674,2023-02-20 20:00:00,Email,Always_On,0,0.0
user_674,2023-02-21 08:00:00,Direct,Always_On,0,0.0
user_674,2023-02-22 18:00:00,Direct,Spring_Sale,0,0.0
user_674,2023-02-23 04:00:00,Search,Spring_Sale,0,0.0
user_675,2023-02-28 04:00:00,Search,Always_On,1,183.31
user_676,2023-01-15 12:00:00,Direct,Winter_Special,0,0.0
user_676,2023-01-16 02:00:00,Social,Always_On,0,0.0
user_676,2023-01-17 21:00:00,Email,Spring_Sale,1,83.0
user_677,2023-02-28 21:00:00,Direct,Summer_Promo,0,0.0
user_677,2023-03-01 04:00:00,Search,Always_On,0,0.0
user_677,2023-03-02 09:00:00,Search,Always_On,0,0.0
user_677,2023-03-03 16:00:00,Display,Always_On,0,0.0
user_678,2023-01-06 14:00:00,Email,Summer_Promo,0,0.0
user_678,2023-01-07 18:00:00,Social,Winter_Special,0,0.0
user_678,2023-01-08 19:00:00,Email,Summer_Promo,0,0.0
user_678,2023-01-09 02:00:00,Social,Spring_Sale,0,0.0
user_678,2023-01-10 02:00:00,Direct,Fall_Discount,0,0.0
user_679,2023-01-08 01:00:00,Display,Summer_Promo,0,0.0
user_679,2023-01-09 19:00:00,Email,Winter_Special,0,0.0
user_679,2023-01-10 03:00:00,Social,Spring_Sale,0,0.0
user_679,2023-01-11 05:00:00,Direct,Spring_Sale,0,0.0
user_679,2023-01-12 04:00:00,Direct,Fall_Discount,0,0.0
user_68,2023-02-22 13:00:00,Email,Always_On,0,0.0
user_68,2023-02-23 08:00:00,Social,Spring_Sale,0,0.0
user_68,2023-02-24 04:00:00,Email,Always_On,0,0.0
user_68,2023-02-25 02:00:00,Search,Spring_Sale,0,0.0
user_68,2023-02-26 09:00:00,Search,Always_On,0,0.0
user_68,2023-02-27 23:00:00,Social,Spring_Sale,0,0.0
user_680,2023-02-16 07:00:00,Direct,Winter_Special,0,0.0
user_680,2023-02-17 16:00:00,Search,Summer_Promo,0,0.0
user_680,2023-02-18 17:00:00,Display,Summer_Promo,0,0.0
user_680,2023-02-19 08:00:00,Social,Always_On,0,0.0
user_680,2023-02-20 10:00:00,Email,Always_On,1,164.53
user_681,2023-01-15 23:00:00,Email,Summer_Promo,0,0.0
user_681,2023-01-16 09:00:00,Search,Spring_Sale,0,0.0
user_681,2023-01-17 18:00:00,Search,Summer_Promo,0,0.0
user_681,2023-01-18 17:00:00,Social,Summer_Promo,0,0.0
user_682,2023-01-07 09:00:00,Display,Summer_Promo,0,0.0
user_683,2023-01-19 02:00:00,Direct,Winter_Special,0,0.0
user_683,2023-01-20 18:00:00,Display,Always_On,0,0.0
user_683,2023-01-21 05:00:00,Email,Winter_Special,0,0.0
user_684,2023-02-04 18:00:00,Display,Fall_Discount,0,0.0
user_684,2023-02-05 12:00:00,Search,Summer_Promo,0,0.0
user_684,2023-02-06 01:00:00,Direct,Always_On,0,0.0
user_684,2023-02-07 08:00:00,Display,Spring_Sale,0,0.0
user_684,2023-02-08 06:00:00,Social,Fall_Discount,0,0.0
user_684,2023-02-09 22:00:00,Search,Summer_Promo,0,0.0
user_684,2023-02-10 04:00:00,Display,Winter_Special,0,0.0
user_684,2023-02-11 10:00:00,Direct,Always_On,0,0.0
user_685,2023-01-25 11:00:00,Social,Fall_Discount,0,0.0
user_685,2023-01-26 17:00:00,Social,Winter_Special,0,0.0
user_685,2023-01-27 11:00:00,Social,Summer_Promo,0,0.0
user_685,2023-01-28 17:00:00,Display,Spring_Sale,0,0.0
user_685,2023-01-29 05:00:00,Social,Spring_Sale,0,0.0
user_685,2023-01-30 19:00:00,Display,Always_On,0,0.0
user_685,2023-01-31 06:00:00,Email,Always_On,1,138.71
user_686,2023-02-01 20:00:00,Direct,Summer_Promo,0,0.0
user_686,2023-02-02 10:00:00,Email,Summer_Promo,0,0.0
user_686,2023-02-03 17:00:00,Email,Fall_Discount,0,0.0
user_686,2023-02-04 10:00:00,Social,Fall_Discount,0,0.0
user_687,2023-01-20 10:00:00,Display,Spring_Sale,0,0.0
user_687,2023-01-21 04:00:00,Search,Fall_Discount,0,0.0
user_687,2023-01-22 01:00:00,Social,Winter_Special,0,0.0
user_687,2023-01-23 19:00:00,Email,Always_On,0,0.0
user_687,2023-01-24 17:00:00,Email,Summer_Promo,0,0.0
user_687,2023-01-25 21:00:00,Display,Summer_Promo,0,0.0
user_687,2023-01-26 16:00:00,Email,Fall_Discount,0,0.0
user_687,2023-01-27 13:00:00,Social,Summer_Promo,0,0.0
user_687,2023-01-28 13:00:00,Display,Winter_Special,0,0.0
user_688,2023-01-09 07:00:00,Direct,Winter_Special,0,0.0
user_688,2023-01-10 04:00:00,Email,Summer_Promo,0,0.0
user_688,2023-01-11 07:00:00,Email,Fall_Discount,0,0.0
user_688,2023-01-12 08:00:00,Display,Spring_Sale,0,0.0
user_688,2023-01-13 18:00:00,Email,Always_On,0,0.0
user_688,2023-01-14 16:00:00,Email,Fall_Discount,0,0.0
user_689,2023-01-03 10:00:00,Email,Summer_Promo,0,0.0
user_689,2023-01-04 14:00:00,Direct,Summer_Promo,0,0.0
user_689,2023-01-05 09:00:00,Direct,Winter_Special,1,184.31
user_69,2023-02-07 14:00:00,Direct,Always_On,0,0.0
user_69,2023-02-08 01:00:00,Display,Always_On,0,0.0
user_69,2023-02-09 08:00:00,Email,Fall_Discount,1,177.83
user_690,2023-01-31 16:00:00,Display,Winter_Special,0,0.0
user_690,2023-02-01 01:00:00,Direct,Always_On,0,0.0
user_690,2023-02-02 05:00:00,Search,Spring_Sale,0,0.0
user_690,2023-02-03 06:00:00,Display,Spring_Sale,0,0.0
user_690,2023-02-04 11:00:00,Social,Winter_Special,0,0.0
user_690,2023-02-05 19:00:00,Display,Winter_Special,0,0.0
user_690,2023-02-06 19:00:00,Email,Summer_Promo,0,0.0
user_691,2023-02-10 11:00:00,Social,Spring_Sale,0,0.0
user_691,2023-02-11 12:00:00,Search,Summer_Promo,0,0.0
user_691,2023-02-12 17:00:00,Search,Always_On,0,0.0
user_691,2023-02-13 03:00:00,Social,Summer_Promo,0,0.0
user_691,2023-02-14 23:00:00,Direct,Summer_Promo,0,0.0
user_691,2023-02-15 05:00:00,Search,Winter_Special,0,0.0
user_691,2023-02-16 17:00:00,Direct,Summer_Promo,0,0.0
user_691,2023-02-17 16:00:00,Direct,Summer_Promo,0,0.0
user_692,2023-02-13 01:00:00,Email,Summer_Promo,0,0.0
user_692,2023-02-14 03:00:00,Display,Summer_Promo,0,0.0
user_692,2023-02-15 11:00:00,Direct,Fall_Discount,0,0.0
user_692,2023-02-16 22:00:00,Search,Always_On,0,0.0
user_693,2023-02-09 18:00:00,Email,Summer_Promo,0,0.0
user_693,2023-02-10 06:00:00,Search,Always_On,0,0.0
user_693,2023-02-11 14:00:00,Direct,Fall_Discount,0,0.0
user_693,2023-02-12 18:00:00,Display,Always_On,0,0.0
user_693,2023-02-13 05:00:00,Display,Spring_Sale,0,0.0
user_694,2023-01-11 09:00:00,Email,Winter_Special,0,0.0
user_694,2023-01-12 00:00:00,Email,Summer_Promo,1,115.04
user_695,2023-02-13 15:00:00,Direct,Winter_Special,0,0.0
user_695,2023-02-14 20:00:00,Direct,Winter_Special,0,0.0
user_695,2023-02-15 18:00:00,Email,Always_On,1,158.37
user_696,2023-01-09 13:00:00,Search,Winter_Special,0,0.0
user_696,2023-01-10 02:00:00,Social,Fall_Discount,0,0.0
user_696,2023-01-11 01:00:00,Display,Always_On,0,0.0
user_696,2023-01-12 22:00:00,Social,Summer_Promo,0,0.0
user_696,2023-01-13 13:00:00,Display,Spring_Sale,0,0.0
user_696,2023-01-14 08:00:00,Search,Summer_Promo,0,0.0
user_697,2023-01-31 15:00:00,Search,Always_On,0,0.0
user_697,2023-02-01 18:00:00,Display,Summer_Promo,0,0.0
user_697,2023-02-02 14:00:00,Direct,Fall_Discount,0,0.0
user_697,2023-02-03 16:00:00,Direct,Winter_Special,0,0.0
user_697,2023-02-04 09:00:00,Display,Fall_Discount,0,0.0
user_697,2023-02-05 18:00:00,Search,Always_On,0,0.0
user_698,2023-01-24 13:00:00,Display,Summer_Promo,0,0.0
user_699,2023-01-31 08:00:00,Email,Always_On,1,158.57
user_7,2023-02-28 01:00:00,Email,Winter_Special,0,0.0
user_7,2023-03-01 05:00:00,Search,Always_On,0,0.0
user_7,2023-03-02 19:00:00,Display,Winter_Special,0,0.0
user_7,2023-03-03 22:00:00,Email,Summer_Promo,0,0.0
user_7,2023-03-04 19:00:00,Search,Spring_Sale,0,0.0
user_7,2023-03-05 08:00:00,Email,Fall_Discount,0,0.0
user_7,2023-03-06 09:00:00,Search,Fall_Discount,0,0.0
user_70,2023-01-15 10:00:00,Search,Always_On,0,0.0
user_70,2023-01-16 04:00:00,Display,Fall_Discount,0,0.0
user_70,2023-01-17 15:00:00,Social,Always_On,0,0.0
user_70,2023-01-18 16:00:00,Direct,Always_On,0,0.0
user_70,2023-01-19 18:00:00,Direct,Always_On,0,0.0
user_70,2023-01-20 12:00:00,Social,Fall_Discount,0,0.0
user_70,2023-01-21 00:00:00,Email,Winter_Special,0,0.0
user_70,2023-01-22 10:00:00,Search,Always_On,0,0.0
user_70,2023-01-23 03:00:00,Direct,Summer_Promo,0,0.0
user_700,2023-02-05 07:00:00,Direct,Summer_Promo,0,0.0
user_700,2023-02-06 21:00:00,Email,Summer_Promo,0,0.0
user_700,2023-02-07 11:00:00,Social,Summer_Promo,0,0.0
user_700,2023-02-08 07:00:00,Display,Always_On,0,0.0
user_700,2023-02-09 10:00:00,Display,Always_On,0,0.0
user_700,2023-02-10 12:00:00,Social,Winter_Special,0,0.0
user_700,2023-02-11 13:00:00,Search,Summer_Promo,1,115.62
user_701,2023-01-25 15:00:00,Direct,Winter_Special,0,0.0
user_701,2023-01-26 17:00:00,Display,Winter_Special,0,0.0
user_701,2023-01-27 16:00:00,Direct,Always_On,0,0.0
user_701,2023-01-28 07:00:00,Direct,Summer_Promo,0,0.0
user_701,2023-01-29 17:00:00,Email,Spring_Sale,1,124.04
user_702,2023-02-24 07:00:00,Social,Always_On,0,0.0
user_702,2023-02-25 16:00:00,Direct,Summer_Promo,0,0.0
user_702,2023-02-26 12:00:00,Direct,Fall_Discount,0,0.0
user_702,2023-02-27 21:00:00,Direct,Fall_Discount,0,0.0
user_702,2023-02-28 04:00:00,Email,Fall_Discount,0,0.0
user_702,2023-03-01 12:00:00,Email,Winter_Special,0,0.0
user_702,2023-03-02 20:00:00,Email,Always_On,0,0.0
user_702,2023-03-03 14:00:00,Search,Fall_Discount,0,0.0
user_703,2023-02-25 07:00:00,Direct,Spring_Sale,0,0.0
user_704,2023-01-08 11:00:00,Search,Fall_Discount,0,0.0
user_704,2023-01-09 12:00:00,Display,Winter_Special,0,0.0
user_704,2023-01-10 15:00:00,Direct,Summer_Promo,0,0.0
user_705,2023-02-24 22:00:00,Email,Always_On,1,86.69
user_706,2023-02-19 13:00:00,Social,Fall_Discount,0,0.0
user_706,2023-02-20 06:00:00,Direct,Summer_Promo,0,0.0
user_706,2023-02-21 21:00:00,Social,Winter_Special,0,0.0
user_706,2023-02-22 01:00:00,Direct,Always_On,0,0.0
user_706,2023-02-23 22:00:00,Email,Summer_Promo,0,0.0
user_706,2023-02-24 16:00:00,Search,Spring_Sale,0,0.0
user_706,2023-02-25 03:00:00,Search,Summer_Promo,0,0.0
user_707,2023-01-02 13:00:00,Social,Fall_Discount,0,0.0
user_707,2023-01-03 07:00:00,Social,Spring_Sale,0,0.0
user_707,2023-01-04 15:00:00,Direct,Always_On,0,0.0
user_707,2023-01-05 17:00:00,Email,Spring_Sale,0,0.0
user_708,2023-01-15 16:00:00,Direct,Fall_Discount,0,0.0
user_708,2023-01-16 04:00:00,Search,Summer_Promo,1,156.03
user_709,2023-02-24 16:00:00,Email,Fall_Discount,0,0.0
user_709,2023-02-25 15:00:00,Email,Spring_Sale,0,0.0
user_709,2023-02-26 16:00:00,Direct,Spring_Sale,0,0.0
user_71,2023-03-01 12:00:00,Direct,Fall_Discount,0,0.0
user_71,2023-03-02 09:00:00,Email,Summer_Promo,0,0.0
user_71,2023-03-03 03:00:00,Direct,Summer_Promo,0,0.0
user_71,2023-03-04 11:00:00,Direct,Always_On,1,93.06
user_710,2023-02-03 15:00:00,Email,Summer_Promo,0,0.0
user_710,2023-02-04 10:00:00,Display,Winter_Special,0,0.0
user_710,2023-02-05 02:00:00,Search,Fall_Discount,0,0.0
user_710,2023-02-06 21:00:00,Search,Always_On,0,0.0
user_710,2023-02-07 03:00:00,Social,Spring_Sale,0,0.0
user_710,2023-02-08 07:00:00,Email,Fall_Discount,1,69.1
user_711,2023-02-16 17:00:00,Social,Summer_Promo,1,78.86
user_712,2023-01-15 13:00:00,Email,Spring_Sale,0,0.0
user_712,2023-01-16 07:00:00,Direct,Spring_Sale,0,0.0
user_712,2023-01-17 04:00:00,Social,Summer_Promo,0,0.0
user_713,2023-02-18 11:00:00,Email,Always_On,0,0.0
user_713,2023-02-19 01:00:00,Display,Summer_Promo,0,0.0
user_713,2023-02-20 21:00:00,Social,Summer_Promo,0,0.0
user_713,2023-02-21 23:00:00,Direct,Spring_Sale,0,0.0
user_714,2023-02-05 20:00:00,Social,Fall_Discount,0,0.0
user_714,2023-02-06 21:00:00,Direct,Always_On,0,0.0
user_714,2023-02-07 22:00:00,Social,Fall_Discount,0,0.0
user_714,2023-02-08 06:00:00,Direct,Spring_Sale,0,0.0
user_714,2023-02-09 05:00:00,Social,Spring_Sale,0,0.0
user_714,2023-02-10 04:00:00,Direct,Summer_Promo,0,0.0
user_714,2023-02-11 19:00:00,Search,Spring_Sale,0,0.0
user_714,2023-02-12 05:00:00,Social,Winter_Special,0,0.0
user_714,2023-02-13 16:00:00,Search,Spring_Sale,1,152.46
user_715,2023-02-12 11:00:00,Email,Summer_Promo,0,0.0
user_715,2023-02-13 00:00:00,Direct,Summer_Promo,0,0.0
user_715,2023-02-14 22:00:00,Display,Summer_Promo,0,0.0
user_715,2023-02-15 03:00:00,Direct,Winter_Special,0,0.0
user_715,2023-02-16 19:00:00,Display,Winter_Special,0,0.0
user_715,2023-02-17 16:00:00,Direct,Summer_Promo,0,0.0
user_715,2023-02-18 21:00:00,Social,Winter_Special,0,0.0
user_715,2023-02-19 04:00:00,Email,Fall_Discount,0,0.0
user_715,2023-02-20 23:00:00,Email,Spring_Sale,0,0.0
user_716,2023-01-25 17:00:00,Email,Always_On,0,0.0
user_716,2023-01-26 19:00:00,Search,Always_On,0,0.0
user_716,2023-01-27 13:00:00,Display,Winter_Special,0,0.0
user_716,2023-01-28 19:00:00,Direct,Spring_Sale,0,0.0
user_716,2023-01-29 16:00:00,Search,Spring_Sale,0,0.0
user_716,2023-01-30 15:00:00,Direct,Summer_Promo,0,0.0
user_716,2023-01-31 19:00:00,Email,Summer_Promo,0,0.0
user_717,2023-01-15 09:00:00,Display,Always_On,0,0.0
user_717,2023-01-16 06:00:00,Direct,Spring_Sale,0,0.0
user_717,2023-01-17 16:00:00,Direct,Winter_Special,0,0.0
user_717,2023-01-18 10:00:00,Display,Always_On,0,0.0
user_717,2023-01-19 01:00:00,Display,Fall_Discount,0,0.0
user_717,2023-01-20 19:00:00,Social,Always_On,0,0.0
user_717,2023-01-21 22:00:00,Direct,Always_On,0,0.0
user_717,2023-01-22 09:00:00,Direct,Fall_Discount,0,0.0
user_717,2023-01-23 00:00:00,Direct,Fall_Discount,0,0.0
user_718,2023-01-21 10:00:00,Search,Spring_Sale,0,0.0
user_718,2023-01-22 13:00:00,Display,Summer_Promo,0,0.0
user_718,2023-01-23 06:00:00,Social,Spring_Sale,0,0.0
user_718,2023-01-24 05:00:00,Social,Summer_Promo,0,0.0
user_718,2023-01-25 13:00:00,Direct,Winter_Special,0,0.0
user_718,2023-01-26 22:00:00,Display,Always_On,0,0.0
user_719,2023-01-23 17:00:00,Direct,Summer_Promo,0,0.0
user_719,2023-01-24 23:00:00,Social,Fall_Discount,0,0.0
user_719,2023-01-25 11:00:00,Search,Spring_Sale,0,0.0
user_719,2023-01-26 18:00:00,Direct,Summer_Promo,0,0.0
user_72,2023-02-10 23:00:00,Search,Summer_Promo,0,0.0
user_720,2023-02-13 23:00:00,Social,Winter_Special,0,0.0
user_720,2023-02-14 03:00:00,Social,Spring_Sale,0,0.0
user_720,2023-02-15 00:00:00,Social,Winter_Special,0,0.0
user_720,2023-02-16 18:00:00,Search,Always_On,0,0.0
user_721,2023-02-08 19:00:00,Search,Always_On,0,0.0
user_722,2023-01-09 20:00:00,Direct,Summer_Promo,0,0.0
user_722,2023-01-10 08:00:00,Direct,Spring_Sale,0,0.0
user_722,2023-01-11 10:00:00,Social,Winter_Special,0,0.0
user_722,2023-01-12 11:00:00,Email,Spring_Sale,0,0.0
user_722,2023-01-13 06:00:00,Direct,Summer_Promo,0,0.0
user_722,2023-01-14 02:00:00,Email,Winter_Special,0,0.0
user_722,2023-01-15 17:00:00,Social,Spring_Sale,0,0.0
user_723,2023-01-14 06:00:00,Email,Winter_Special,0,0.0
user_723,2023-01-15 17:00:00,Direct,Fall_Discount,0,0.0
user_723,2023-01-16 03:00:00,Display,Always_On,0,0.0
user_723,2023-01-17 12:00:00,Direct,Always_On,0,0.0
user_723,2023-01-18 19:00:00,Search,Always_On,0,0.0
user_723,2023-01-19 09:00:00,Email,Summer_Promo,0,0.0
user_724,2023-02-24 10:00:00,Direct,Spring_Sale,0,0.0
user_724,2023-02-25 03:00:00,Email,Always_On,0,0.0
user_724,2023-02-26 21:00:00,Direct,Fall_Discount,0,0.0
user_724,2023-02-27 05:00:00,Direct,Fall_Discount,0,0.0
user_724,2023-02-28 02:00:00,Social,Always_On,0,0.0
user_724,2023-03-01 03:00:00,Social,Spring_Sale,0,0.0
user_725,2023-02-15 22:00:00,Direct,Summer_Promo,0,0.0
user_725,2023-02-16 15:00:00,Search,Winter_Special,0,0.0
user_725,2023-02-17 05:00:00,Social,Fall_Discount,0,0.0
user_725,2023-02-18 11:00:00,Direct,Always_On,0,0.0
user_725,2023-02-19 16:00:00,Display,Always_On,0,0.0
user_725,2023-02-20 14:00:00,Email,Summer_Promo,0,0.0
user_725,2023-02-21 17:00:00,Social,Winter_Special,0,0.0
user_726,2023-02-15 03:00:00,Direct,Summer_Promo,0,0.0
user_726,2023-02-16 09:00:00,Direct,Spring_Sale,0,0.0
user_726,2023-02-17 11:00:00,Search,Winter_Special,0,0.0
user_727,2023-02-15 05:00:00,Direct,Winter_Special,0,0.0
user_727,2023-02-16 18:00:00,Display,Spring_Sale,0,0.0
user_727,2023-02-17 08:00:00,Search,Always_On,0,0.0
user_727,2023-02-18 15:00:00,Search,Spring_Sale,1,82.97
user_728,2023-02-28 01:00:00,Search,Fall_Discount,0,0.0
user_728,2023-03-01 01:00:00,Direct,Summer_Promo,0,0.0
user_728,2023-03-02 20:00:00,Search,Winter_Special,0,0.0
user_728,2023-03-03 11:00:00,Search,Summer_Promo,0,0.0
user_728,2023-03-04 04:00:00,Display,Summer_Promo,0,0.0
user_728,2023-03-05 19:00:00,Display,Summer_Promo,0,0.0
user_728,2023-03-06 19:00:00,Direct,Fall_Discount,0,0.0
user_729,2023-02-13 06:00:00,Email,Spring_Sale,0,0.0
user_729,2023-02-14 03:00:00,Social,Always_On,0,0.0
user_729,2023-02-15 01:00:00,Search,Summer_Promo,0,0.0
user_729,2023-02-16 13:00:00,Search,Winter_Special,0,0.0
user_729,2023-02-17 12:00:00,Email,Spring_Sale,0,0.0
user_73,2023-01-19 01:00:00,Social,Spring_Sale,0,0.0
user_73,2023-01-20 21:00:00,Display,Always_On,0,0.0
user_73,2023-01-21 03:00:00,Display,Summer_Promo,0,0.0
user_73,2023-01-22 21:00:00,Search,Winter_Special,0,0.0
user_73,2023-01-23 23:00:00,Search,Summer_Promo,1,180.73
user_730,2023-01-02 04:00:00,Social,Always_On,0,0.0
user_730,2023-01-03 02:00:00,Social,Summer_Promo,0,0.0
user_730,2023-01-04 20:00:00,Display,Summer_Promo,0,0.0
user_730,2023-01-05 09:00:00,Direct,Fall_Discount,0,0.0
user_730,2023-01-06 06:00:00,Email,Summer_Promo,0,0.0
user_730,2023-01-07 20:00:00,Direct,Always_On,0,0.0
user_730,2023-01-08 12:00:00,Email,Winter_Special,0,0.0
user_731,2023-02-25 18:00:00,Direct,Fall_Discount,0,0.0
user_731,2023-02-26 00:00:00,Email,Winter_Special,1,74.34
user_732,2023-02-08 11:00:00,Search,Winter_Special,0,0.0
user_732,2023-02-09 00:00:00,Display,Always_On,0,0.0
user_733,2023-01-01 08:00:00,Social,Summer_Promo,0,0.0
user_733,2023-01-02 10:00:00,Email,Always_On,0,0.0
user_733,2023-01-03 16:00:00,Search,Fall_Discount,0,0.0
user_733,2023-01-04 16:00:00,Email,Winter_Special,0,0.0
user_733,2023-01-05 15:00:00,Social,Summer_Promo,1,180.34
user_734,2023-02-21 21:00:00,Direct,Summer_Promo,0,0.0
user_734,2023-02-22 16:00:00,Direct,Spring_Sale,0,0.0
user_734,2023-02-23 04:00:00,Display,Winter_Special,0,0.0
user_734,2023-02-24 15:00:00,Search,Winter_Special,0,0.0
user_734,2023-02-25 12:00:00,Display,Spring_Sale,0,0.0
user_735,2023-01-14 02:00:00,Email,Fall_Discount,0,0.0
user_735,2023-01-15 01:00:00,Email,Summer_Promo,0,0.0
user_735,2023-01-16 16:00:00,Display,Spring_Sale,0,0.0
user_735,2023-01-17 05:00:00,Direct,Winter_Special,0,0.0
user_736,2023-01-27 02:00:00,Direct,Winter_Special,0,0.0
user_736,2023-01-28 15:00:00,Email,Winter_Special,0,0.0
user_736,2023-01-29 07:00:00,Social,Always_On,0,0.0
user_737,2023-02-17 15:00:00,Display,Always_On,0,0.0
user_737,2023-02-18 15:00:00,Email,Winter_Special,0,0.0
user_737,2023-02-19 04:00:00,Direct,Always_On,0,0.0
user_737,2023-02-20 09:00:00,Social,Summer_Promo,0,0.0
user_738,2023-01-30 00:00:00,Social,Always_On,0,0.0
user_738,2023-01-31 07:00:00,Direct,Spring_Sale,1,139.05
user_739,2023-01-15 19:00:00,Search,Fall_Discount,1,195.48
user_74,2023-02-28 11:00:00,Email,Winter_Special,1,53.32
user_740,2023-01-08 19:00:00,Direct,Summer_Promo,0,0.0
user_740,2023-01-09 10:00:00,Direct,Winter_Special,0,0.0
user_740,2023-01-10 00:00:00,Search,Always_On,1,171.37
user_741,2023-02-01 23:00:00,Email,Winter_Special,1,144.31
user_742,2023-01-16 04:00:00,Email,Spring_Sale,0,0.0
user_742,2023-01-17 22:00:00,Display,Spring_Sale,0,0.0
user_742,2023-01-18 14:00:00,Search,Spring_Sale,0,0.0
user_742,2023-01-19 19:00:00,Social,Spring_Sale,0,0.0
user_743,2023-01-13 08:00:00,Display,Fall_Discount,0,0.0
user_743,2023-01-14 03:00:00,Search,Winter_Special,0,0.0
user_743,2023-01-15 20:00:00,Social,Summer_Promo,0,0.0
user_743,2023-01-16 22:00:00,Email,Spring_Sale,0,0.0
user_744,2023-03-01 03:00:00,Direct,Fall_Discount,0,0.0
user_744,2023-03-02 10:00:00,Display,Summer_Promo,0,0.0
user_744,2023-03-03 12:00:00,Social,Always_On,0,0.0
user_744,2023-03-04 18:00:00,Social,Fall_Discount,0,0.0
user_744,2023-03-05 23:00:00,Display,Always_On,1,188.98
user_745,2023-01-11 15:00:00,Display,Always_On,0,0.0
user_745,2023-01-12 04:00:00,Social,Winter_Special,0,0.0
user_745,2023-01-13 05:00:00,Display,Summer_Promo,0,0.0
user_745,2023-01-14 12:00:00,Search,Winter_Special,0,0.0
user_745,2023-01-15 02:00:00,Search,Summer_Promo,0,0.0
user_746,2023-01-24 15:00:00,Direct,Fall_Discount,0,0.0
user_746,2023-01-25 12:00:00,Social,Summer_Promo,0,0.0
user_746,2023-01-26 00:00:00,Social,Winter_Special,0,0.0
user_746,2023-01-27 06:00:00,Display,Winter_Special,0,0.0
user_746,2023-01-28 13:00:00,Email,Always_On,0,0.0
user_746,2023-01-29 15:00:00,Direct,Summer_Promo,0,0.0
user_746,2023-01-30 01:00:00,Email,Always_On,0,0.0
user_746,2023-01-31 19:00:00,Direct,Summer_Promo,0,0.0
user_747,2023-01-12 04:00:00,Email,Always_On,0,0.0
user_747,2023-01-13 20:00:00,Search,Winter_Special,0,0.0
user_748,2023-02-18 16:00:00,Direct,Summer_Promo,0,0.0
user_748,2023-02-19 03:00:00,Social,Spring_Sale,0,0.0
user_748,2023-02-20 01:00:00,Search,Winter_Special,0,0.0
user_748,2023-02-21 20:00:00,Direct,Winter_Special,0,0.0
user_748,2023-02-22 07:00:00,Direct,Winter_Special,0,0.0
user_748,2023-02-23 22:00:00,Direct,Winter_Special,0,0.0
user_748,2023-02-24 06:00:00,Direct,Spring_Sale,1,55.11
user_749,2023-01-13 21:00:00,Social,Spring_Sale,0,0.0
user_749,2023-01-14 00:00:00,Email,Always_On,0,0.0
user_75,2023-02-16 22:00:00,Email,Fall_Discount,0,0.0
user_75,2023-02-17 03:00:00,Social,Always_On,0,0.0
user_75,2023-02-18 06:00:00,Direct,Spring_Sale,0,0.0
user_75,2023-02-19 10:00:00,Direct,Always_On,0,0.0
user_75,2023-02-20 21:00:00,Social,Winter_Special,0,0.0
user_75,2023-02-21 11:00:00,Email,Spring_Sale,1,159.69
user_750,2023-02-09 14:00:00,Search,Spring_Sale,0,0.0
user_750,2023-02-10 18:00:00,Display,Always_On,0,0.0
user_750,2023-02-11 17:00:00,Search,Summer_Promo,0,0.0
user_751,2023-02-12 12:00:00,Search,Fall_Discount,0,0.0
user_752,2023-02-09 11:00:00,Social,Always_On,0,0.0
user_752,2023-02-10 01:00:00,Email,Winter_Special,0,0.0
user_752,2023-02-11 17:00:00,Email,Fall_Discount,0,0.0
user_752,2023-02-12 14:00:00,Search,Winter_Special,0,0.0
user_752,2023-02-13 11:00:00,Email,Winter_Special,0,0.0
user_752,2023-02-14 20:00:00,Social,Summer_Promo,0,0.0
user_753,2023-02-15 16:00:00,Email,Winter_Special,0,0.0
user_753,2023-02-16 20:00:00,Search,Summer_Promo,0,0.0
user_753,2023-02-17 06:00:00,Social,Fall_Discount,0,0.0
user_754,2023-01-09 00:00:00,Email,Winter_Special,0,0.0
user_754,2023-01-10 21:00:00,Email,Summer_Promo,0,0.0
user_754,2023-01-11 08:00:00,Social,Fall_Discount,0,0.0
user_754,2023-01-12 10:00:00,Search,Summer_Promo,0,0.0
user_755,2023-02-25 12:00:00,Search,Summer_Promo,0,0.0
user_755,2023-02-26 08:00:00,Email,Fall_Discount,0,0.0
user_756,2023-01-24 12:00:00,Social,Spring_Sale,0,0.0
user_756,2023-01-25 06:00:00,Social,Spring_Sale,0,0.0
user_756,2023-01-26 02:00:00,Social,Summer_Promo,0,0.0
user_756,2023-01-27 20:00:00,Email,Spring_Sale,0,0.0
user_757,2023-02-15 05:00:00,Direct,Spring_Sale,0,0.0
user_757,2023-02-16 22:00:00,Direct,Summer_Promo,0,0.0
user_757,2023-02-17 04:00:00,Direct,Fall_Discount,0,0.0
user_757,2023-02-18 03:00:00,Social,Spring_Sale,0,0.0
user_757,2023-02-19 17:00:00,Direct,Summer_Promo,0,0.0
user_758,2023-01-02 01:00:00,Email,Winter_Special,0,0.0
user_758,2023-01-03 20:00:00,Search,Fall_Discount,0,0.0
user_758,2023-01-04 06:00:00,Display,Winter_Special,0,0.0
user_758,2023-01-05 12:00:00,Search,Summer_Promo,0,0.0
user_758,2023-01-06 13:00:00,Email,Summer_Promo,0,0.0
user_758,2023-01-07 05:00:00,Display,Fall_Discount,0,0.0
user_758,2023-01-08 06:00:00,Search,Fall_Discount,0,0.0
user_758,2023-01-09 10:00:00,Email,Winter_Special,0,0.0
user_759,2023-01-24 09:00:00,Social,Winter_Special,0,0.0
user_759,2023-01-25 05:00:00,Search,Fall_Discount,0,0.0
user_759,2023-01-26 12:00:00,Display,Summer_Promo,0,0.0
user_759,2023-01-27 04:00:00,Email,Spring_Sale,0,0.0
user_759,2023-01-28 20:00:00,Display,Summer_Promo,0,0.0
user_76,2023-02-28 04:00:00,Display,Fall_Discount,0,0.0
user_76,2023-03-01 05:00:00,Search,Summer_Promo,0,0.0
user_76,2023-03-02 16:00:00,Direct,Fall_Discount,0,0.0
user_76,2023-03-03 14:00:00,Display,Summer_Promo,0,0.0
user_76,2023-03-04 13:00:00,Email,Winter_Special,0,0.0
user_760,2023-01-05 16:00:00,Search,Summer_Promo,0,0.0
user_760,2023-01-06 07:00:00,Search,Spring_Sale,0,0.0
user_760,2023-01-07 14:00:00,Email,Spring_Sale,0,0.0
user_761,2023-01-22 21:00:00,Social,Summer_Promo,0,0.0
user_761,2023-01-23 13:00:00,Email,Winter_Special,0,0.0
user_762,2023-01-05 05:00:00,Display,Spring_Sale,0,0.0
user_762,2023-01-06 12:00:00,Search,Summer_Promo,0,0.0
user_762,2023-01-07 07:00:00,Social,Spring_Sale,0,0.0
user_762,2023-01-08 20:00:00,Direct,Fall_Discount,0,0.0
user_762,2023-01-09 18:00:00,Search,Fall_Discount,0,0.0
user_762,2023-01-10 08:00:00,Search,Winter_Special,0,0.0
user_763,2023-02-26 21:00:00,Social,Spring_Sale,0,0.0
user_763,2023-02-27 07:00:00,Display,Winter_Special,0,0.0
user_763,2023-02-28 10:00:00,Direct,Always_On,0,0.0
user_763,2023-03-01 04:00:00,Search,Always_On,0,0.0
user_763,2023-03-02 08:00:00,Search,Always_On,0,0.0
user_763,2023-03-03 16:00:00,Email,Winter_Special,0,0.0
user_763,2023-03-04 18:00:00,Social,Fall_Discount,0,0.0
user_764,2023-01-10 14:00:00,Direct,Summer_Promo,0,0.0
user_764,2023-01-11 05:00:00,Search,Spring_Sale,0,0.0
user_764,2023-01-12 15:00:00,Email,Spring_Sale,0,0.0
user_764,2023-01-13 08:00:00,Search,Spring_Sale,0,0.0
user_764,2023-01-14 03:00:00,Search,Fall_Discount,0,0.0
user_764,2023-01-15 10:00:00,Search,Always_On,0,0.0
user_764,2023-01-16 01:00:00,Direct,Spring_Sale,0,0.0
user_764,2023-01-17 15:00:00,Social,Winter_Special,0,0.0
user_764,2023-01-18 03:00:00,Search,Spring_Sale,0,0.0
user_765,2023-01-06 18:00:00,Search,Spring_Sale,0,0.0
user_765,2023-01-07 00:00:00,Search,Fall_Discount,0,0.0
user_765,2023-01-08 00:00:00,Direct,Always_On,0,0.0
user_765,2023-01-09 11:00:00,Display,Winter_Special,0,0.0
user_765,2023-01-10 22:00:00,Social,Fall_Discount,0,0.0
user_765,2023-01-11 00:00:00,Direct,Winter_Special,1,104.49
user_766,2023-02-18 08:00:00,Social,Summer_Promo,0,0.0
user_766,2023-02-19 05:00:00,Display,Fall_Discount,0,0.0
user_767,2023-01-07 23:00:00,Search,Fall_Discount,0,0.0
user_768,2023-01-02 19:00:00,Email,Winter_Special,0,0.0
user_768,2023-01-03 09:00:00,Display,Winter_Special,0,0.0
user_768,2023-01-04 10:00:00,Email,Spring_Sale,0,0.0
user_769,2023-02-01 02:00:00,Social,Summer_Promo,0,0.0
user_769,2023-02-02 17:00:00,Search,Fall_Discount,0,0.0
user_769,2023-02-03 23:00:00,Display,Always_On,0,0.0
user_769,2023-02-04 01:00:00,Email,Winter_Special,0,0.0
user_769,2023-02-05 04:00:00,Search,Winter_Special,0,0.0
user_77,2023-01-08 19:00:00,Email,Summer_Promo,1,169.52
user_770,2023-01-22 15:00:00,Social,Always_On,0,0.0
user_770,2023-01-23 09:00:00,Email,Always_On,1,195.51
user_771,2023-01-08 21:00:00,Direct,Summer_Promo,0,0.0
user_771,2023-01-09 22:00:00,Display,Fall_Discount,0,0.0
user_771,2023-01-10 22:00:00,Direct,Always_On,0,0.0
user_771,2023-01-11 00:00:00,Social,Winter_Special,0,0.0
user_771,2023-01-12 23:00:00,Display,Spring_Sale,0,0.0
user_771,2023-01-13 23:00:00,Email,Always_On,0,0.0
user_771,2023-01-14 00:00:00,Email,Spring_Sale,0,0.0
user_771,2023-01-15 04:00:00,Social,Spring_Sale,0,0.0
user_771,2023-01-16 22:00:00,Search,Summer_Promo,0,0.0
user_772,2023-02-23 01:00:00,Search,Summer_Promo,0,0.0
user_772,2023-02-24 18:00:00,Display,Summer_Promo,0,0.0
user_772,2023-02-25 07:00:00,Social,Spring_Sale,0,0.0
user_773,2023-01-20 08:00:00,Display,Winter_Special,0,0.0
user_773,2023-01-21 08:00:00,Social,Spring_Sale,0,0.0
user_773,2023-01-22 04:00:00,Email,Always_On,0,0.0
user_773,2023-01-23 16:00:00,Direct,Winter_Special,0,0.0
user_773,2023-01-24 19:00:00,Search,Summer_Promo,0,0.0
user_773,2023-01-25 15:00:00,Search,Always_On,1,162.21
user_774,2023-03-01 00:00:00,Social,Spring_Sale,0,0.0
user_774,2023-03-02 15:00:00,Display,Winter_Special,0,0.0
user_774,2023-03-03 10:00:00,Social,Fall_Discount,0,0.0
user_774,2023-03-04 08:00:00,Social,Winter_Special,0,0.0
user_774,2023-03-05 14:00:00,Direct,Winter_Special,0,0.0
user_774,2023-03-06 15:00:00,Direct,Summer_Promo,0,0.0
user_774,2023-03-07 17:00:00,Email,Spring_Sale,0,0.0
user_774,2023-03-08 18:00:00,Display,Fall_Discount,0,0.0
user_774,2023-03-09 06:00:00,Email,Fall_Discount,0,0.0
user_775,2023-02-16 11:00:00,Display,Winter_Special,0,0.0
user_775,2023-02-17 01:00:00,Email,Fall_Discount,0,0.0
user_775,2023-02-18 12:00:00,Search,Summer_Promo,0,0.0
user_776,2023-01-29 09:00:00,Email,Spring_Sale,0,0.0
user_776,2023-01-30 10:00:00,Search,Summer_Promo,0,0.0
user_776,2023-01-31 19:00:00,Social,Always_On,0,0.0
user_776,2023-02-01 15:00:00,Search,Winter_Special,0,0.0
user_776,2023-02-02 05:00:00,Display,Summer_Promo,0,0.0
user_776,2023-02-03 03:00:00,Display,Summer_Promo,0,0.0
user_776,2023-02-04 00:00:00,Search,Spring_Sale,0,0.0
user_776,2023-02-05 19:00:00,Direct,Summer_Promo,0,0.0
user_777,2023-01-22 17:00:00,Display,Always_On,0,0.0
user_777,2023-01-23 00:00:00,Display,Winter_Special,0,0.0
user_777,2023-01-24 14:00:00,Social,Fall_Discount,0,0.0
user_777,2023-01-25 21:00:00,Email,Fall_Discount,0,0.0
user_777,2023-01-26 18:00:00,Social,Spring_Sale,0,0.0
user_777,2023-01-27 22:00:00,Display,Winter_Special,0,0.0
user_778,2023-02-10 00:00:00,Email,Winter_Special,0,0.0
user_778,2023-02-11 15:00:00,Social,Summer_Promo,1,118.68
user_779,2023-02-25 04:00:00,Social,Fall_Discount,0,0.0
user_779,2023-02-26 01:00:00,Display,Summer_Promo,0,0.0
user_779,2023-02-27 19:00:00,Display,Summer_Promo,0,0.0
user_78,2023-01-24 02:00:00,Display,Summer_Promo,0,0.0
user_78,2023-01-25 11:00:00,Search,Spring_Sale,0,0.0
user_78,2023-01-26 21:00:00,Search,Spring_Sale,0,0.0
user_78,2023-01-27 23:00:00,Direct,Summer_Promo,0,0.0
user_78,2023-01-28 07:00:00,Direct,Spring_Sale,0,0.0
user_780,2023-01-12 21:00:00,Direct,Summer_Promo,0,0.0
user_780,2023-01-13 05:00:00,Email,Always_On,0,0.0
user_780,2023-01-14 23:00:00,Email,Summer_Promo,0,0.0
user_780,2023-01-15 20:00:00,Direct,Spring_Sale,0,0.0
user_780,2023-01-16 15:00:00,Email,Always_On,0,0.0
user_780,2023-01-17 21:00:00,Display,Spring_Sale,0,0.0
user_780,2023-01-18 04:00:00,Email,Fall_Discount,0,0.0
user_781,2023-02-13 03:00:00,Direct,Spring_Sale,0,0.0
user_781,2023-02-14 15:00:00,Direct,Summer_Promo,0,0.0
user_782,2023-01-21 07:00:00,Direct,Always_On,0,0.0
user_782,2023-01-22 12:00:00,Display,Winter_Special,0,0.0
user_782,2023-01-23 05:00:00,Direct,Winter_Special,0,0.0
user_782,2023-01-24 04:00:00,Direct,Always_On,0,0.0
user_783,2023-01-31 08:00:00,Display,Winter_Special,0,0.0
user_783,2023-02-01 14:00:00,Direct,Winter_Special,0,0.0
user_783,2023-02-02 04:00:00,Social,Fall_Discount,0,0.0
user_783,2023-02-03 18:00:00,Email,Fall_Discount,0,0.0
user_783,2023-02-04 00:00:00,Direct,Always_On,0,0.0
user_783,2023-02-05 21:00:00,Display,Winter_Special,0,0.0
user_783,2023-02-06 16:00:00,Search,Fall_Discount,0,0.0
user_783,2023-02-07 08:00:00,Email,Always_On,0,0.0
user_784,2023-01-19 18:00:00,Social,Always_On,0,0.0
user_784,2023-01-20 19:00:00,Search,Winter_Special,0,0.0
user_784,2023-01-21 07:00:00,Email,Always_On,0,0.0
user_784,2023-01-22 10:00:00,Email,Always_On,0,0.0
user_784,2023-01-23 17:00:00,Email,Summer_Promo,1,54.72
user_785,2023-02-17 23:00:00,Display,Spring_Sale,0,0.0
user_785,2023-02-18 03:00:00,Email,Winter_Special,0,0.0
user_785,2023-02-19 16:00:00,Search,Fall_Discount,0,0.0
user_785,2023-02-20 10:00:00,Display,Winter_Special,0,0.0
user_785,2023-02-21 09:00:00,Search,Winter_Special,0,0.0
user_785,2023-02-22 20:00:00,Search,Winter_Special,0,0.0
user_786,2023-03-01 08:00:00,Display,Summer_Promo,0,0.0
user_786,2023-03-02 09:00:00,Email,Winter_Special,0,0.0
user_786,2023-03-03 04:00:00,Search,Spring_Sale,0,0.0
user_786,2023-03-04 10:00:00,Email,Summer_Promo,0,0.0
user_786,2023-03-05 10:00:00,Display,Winter_Special,0,0.0
user_786,2023-03-06 23:00:00,Social,Spring_Sale,0,0.0
user_786,2023-03-07 09:00:00,Search,Spring_Sale,0,0.0
user_786,2023-03-08 13:00:00,Display,Always_On,0,0.0
user_786,2023-03-09 17:00:00,Direct,Summer_Promo,0,0.0
user_787,2023-01-26 22:00:00,Display,Spring_Sale,0,0.0
user_787,2023-01-27 17:00:00,Search,Winter_Special,0,0.0
user_787,2023-01-28 12:00:00,Email,Spring_Sale,0,0.0
user_787,2023-01-29 18:00:00,Display,Summer_Promo,0,0.0
user_787,2023-01-30 21:00:00,Direct,Fall_Discount,0,0.0
user_787,2023-01-31 16:00:00,Direct,Fall_Discount,0,0.0
user_787,2023-02-01 01:00:00,Search,Always_On,0,0.0
user_787,2023-02-02 03:00:00,Search,Always_On,0,0.0
user_788,2023-01-06 13:00:00,Direct,Always_On,0,0.0
user_788,2023-01-07 03:00:00,Direct,Spring_Sale,0,0.0
user_788,2023-01-08 13:00:00,Email,Fall_Discount,0,0.0
user_789,2023-01-22 05:00:00,Display,Summer_Promo,0,0.0
user_789,2023-01-23 03:00:00,Search,Summer_Promo,0,0.0
user_789,2023-01-24 07:00:00,Direct,Winter_Special,0,0.0
user_79,2023-02-15 00:00:00,Email,Always_On,0,0.0
user_79,2023-02-16 21:00:00,Search,Fall_Discount,0,0.0
user_790,2023-01-19 09:00:00,Search,Fall_Discount,0,0.0
user_790,2023-01-20 02:00:00,Social,Summer_Promo,0,0.0
user_790,2023-01-21 07:00:00,Social,Fall_Discount,0,0.0
user_791,2023-02-16 09:00:00,Social,Always_On,0,0.0
user_791,2023-02-17 16:00:00,Email,Fall_Discount,0,0.0
user_791,2023-02-18 08:00:00,Social,Winter_Special,0,0.0
user_791,2023-02-19 02:00:00,Display,Spring_Sale,0,0.0
user_791,2023-02-20 16:00:00,Social,Summer_Promo,0,0.0
user_791,2023-02-21 23:00:00,Social,Fall_Discount,0,0.0
user_792,2023-02-03 01:00:00,Search,Fall_Discount,0,0.0
user_792,2023-02-04 02:00:00,Social,Always_On,0,0.0
user_792,2023-02-05 00:00:00,Email,Always_On,0,0.0
user_792,2023-02-06 07:00:00,Search,Summer_Promo,0,0.0
user_792,2023-02-07 14:00:00,Display,Spring_Sale,0,0.0
user_792,2023-02-08 02:00:00,Search,Winter_Special,1,148.5
user_793,2023-02-22 07:00:00,Display,Summer_Promo,0,0.0
user_794,2023-01-29 04:00:00,Display,Fall_Discount,0,0.0
user_795,2023-02-01 23:00:00,Display,Winter_Special,0,0.0
user_795,2023-02-02 06:00:00,Display,Spring_Sale,0,0.0
user_795,2023-02-03 06:00:00,Social,Fall_Discount,0,0.0
user_795,2023-02-04 21:00:00,Email,Always_On,0,0.0
user_795,2023-02-05 17:00:00,Email,Always_On,0,0.0
user_796,2023-01-30 21:00:00,Direct,Summer_Promo,0,0.0
user_796,2023-01-31 20:00:00,Display,Winter_Special,0,0.0
user_796,2023-02-01 13:00:00,Search,Fall_Discount,0,0.0
user_796,2023-02-02 01:00:00,Social,Winter_Special,0,0.0
user_796,2023-02-03 21:00:00,Search,Always_On,0,0.0
user_797,2023-01-13 12:00:00,Email,Spring_Sale,0,0.0
user_798,2023-02-21 00:00:00,Email,Summer_Promo,1,154.44
user_799,2023-02-27 05:00:00,Email,Always_On,0,0.0
user_799,2023-02-28 07:00:00,Email,Always_On,0,0.0
user_799,2023-03-01 04:00:00,Display,Spring_Sale,0,0.0
user_799,2023-03-02 16:00:00,Direct,Winter_Special,0,0.0
user_799,2023-03-03 13:00:00,Social,Spring_Sale,0,0.0
user_8,2023-02-01 16:00:00,Search,Winter_Special,0,0.0
user_8,2023-02-02 11:00:00,Social,Winter_Special,0,0.0
user_8,2023-02-03 16:00:00,Social,Fall_Discount,0,0.0
user_8,2023-02-04 16:00:00,Search,Fall_Discount,0,0.0
user_8,2023-02-05 00:00:00,Display,Always_On,0,0.0
user_8,2023-02-06 11:00:00,Social,Always_On,0,0.0
user_80,2023-01-17 13:00:00,Display,Spring_Sale,0,0.0
user_80,2023-01-18 00:00:00,Display,Winter_Special,0,0.0
user_80,2023-01-19 00:00:00,Social,Winter_Special,0,0.0
user_80,2023-01-20 12:00:00,Search,Spring_Sale,0,0.0
user_80,2023-01-21 21:00:00,Direct,Winter_Special,0,0.0
user_80,2023-01-22 17:00:00,Social,Summer_Promo,0,0.0
user_80,2023-01-23 16:00:00,Social,Winter_Special,0,0.0
user_80,2023-01-24 05:00:00,Direct,Fall_Discount,0,0.0
user_80,2023-01-25 17:00:00,Search,Spring_Sale,0,0.0
user_800,2023-01-15 21:00:00,Display,Summer_Promo,0,0.0
user_800,2023-01-16 22:00:00,Display,Summer_Promo,0,0.0
user_800,2023-01-17 11:00:00,Email,Always_On,0,0.0
user_800,2023-01-18 13:00:00,Display,Fall_Discount,0,0.0
user_800,2023-01-19 09:00:00,Email,Always_On,0,0.0
user_800,2023-01-20 03:00:00,Email,Spring_Sale,0,0.0
user_800,2023-01-21 00:00:00,Search,Always_On,0,0.0
user_800,2023-01-22 15:00:00,Social,Winter_Special,0,0.0
user_800,2023-01-23 16:00:00,Email,Winter_Special,0,0.0
user_801,2023-01-31 16:00:00,Email,Fall_Discount,0,0.0
user_801,2023-02-01 20:00:00,Direct,Always_On,0,0.0
user_801,2023-02-02 07:00:00,Email,Winter_Special,0,0.0
user_801,2023-02-03 02:00:00,Email,Always_On,0,0.0
user_801,2023-02-04 08:00:00,Email,Fall_Discount,0,0.0
user_801,2023-02-05 11:00:00,Search,Summer_Promo,0,0.0
user_802,2023-01-01 16:00:00,Display,Winter_Special,0,0.0
user_802,2023-01-02 07:00:00,Social,Winter_Special,0,0.0
user_802,2023-01-03 08:00:00,Search,Winter_Special,0,0.0
user_802,2023-01-04 08:00:00,Social,Summer_Promo,0,0.0
user_802,2023-01-05 10:00:00,Email,Spring_Sale,0,0.0
user_803,2023-02-24 17:00:00,Display,Winter_Special,0,0.0
user_803,2023-02-25 02:00:00,Search,Winter_Special,0,0.0
user_804,2023-02-06 11:00:00,Social,Spring_Sale,0,0.0
user_804,2023-02-07 07:00:00,Search,Summer_Promo,0,0.0
user_804,2023-02-08 08:00:00,Search,Winter_Special,0,0.0
user_804,2023-02-09 02:00:00,Social,Spring_Sale,0,0.0
user_804,2023-02-10 05:00:00,Email,Fall_Discount,0,0.0
user_805,2023-01-05 22:00:00,Direct,Summer_Promo,0,0.0
user_805,2023-01-06 14:00:00,Email,Winter_Special,0,0.0
user_805,2023-01-07 13:00:00,Search,Spring_Sale,0,0.0
user_805,2023-01-08 21:00:00,Display,Summer_Promo,0,0.0
user_805,2023-01-09 09:00:00,Direct,Winter_Special,0,0.0
user_805,2023-01-10 14:00:00,Display,Spring_Sale,0,0.0
user_806,2023-02-07 08:00:00,Display,Winter_Special,0,0.0
user_806,2023-02-08 12:00:00,Social,Winter_Special,0,0.0
user_806,2023-02-09 03:00:00,Email,Always_On,1,67.83
user_807,2023-02-28 09:00:00,Social,Spring_Sale,0,0.0
user_808,2023-02-10 17:00:00,Direct,Always_On,0,0.0
user_808,2023-02-11 13:00:00,Social,Fall_Discount,0,0.0
user_808,2023-02-12 08:00:00,Search,Spring_Sale,0,0.0
user_808,2023-02-13 12:00:00,Display,Always_On,0,0.0
user_808,2023-02-14 03:00:00,Search,Always_On,0,0.0
user_808,2023-02-15 19:00:00,Social,Fall_Discount,0,0.0
user_809,2023-01-25 14:00:00,Display,Summer_Promo,0,0.0
user_809,2023-01-26 13:00:00,Email,Summer_Promo,0,0.0
user_809,2023-01-27 19:00:00,Email,Spring_Sale,0,0.0
user_809,2023-01-28 03:00:00,Email,Summer_Promo,0,0.0
user_809,2023-01-29 06:00:00,Social,Spring_Sale,0,0.0
user_809,2023-01-30 19:00:00,Email,Winter_Special,0,0.0
user_809,2023-01-31 21:00:00,Social,Summer_Promo,0,0.0
user_809,2023-02-01 09:00:00,Email,Spring_Sale,0,0.0
user_81,2023-02-19 14:00:00,Display,Winter_Special,0,0.0
user_81,2023-02-20 15:00:00,Email,Winter_Special,0,0.0
user_81,2023-02-21 02:00:00,Social,Summer_Promo,0,0.0
user_81,2023-02-22 13:00:00,Display,Summer_Promo,0,0.0
user_81,2023-02-23 12:00:00,Display,Winter_Special,0,0.0
user_81,2023-02-24 18:00:00,Email,Summer_Promo,0,0.0
user_81,2023-02-25 07:00:00,Display,Always_On,0,0.0
user_81,2023-02-26 11:00:00,Direct,Fall_Discount,0,0.0
user_810,2023-01-15 03:00:00,Direct,Fall_Discount,0,0.0
user_810,2023-01-16 08:00:00,Display,Always_On,0,0.0
user_810,2023-01-17 04:00:00,Email,Winter_Special,0,0.0
user_810,2023-01-18 10:00:00,Social,Summer_Promo,0,0.0
user_810,2023-01-19 10:00:00,Display,Summer_Promo,1,56.0
user_811,2023-01-23 20:00:00,Search,Summer_Promo,0,0.0
user_811,2023-01-24 06:00:00,Search,Spring_Sale,0,0.0
user_812,2023-02-21 03:00:00,Social,Spring_Sale,0,0.0
user_812,2023-02-22 07:00:00,Display,Spring_Sale,0,0.0
user_812,2023-02-23 14:00:00,Display,Spring_Sale,0,0.0
user_812,2023-02-24 07:00:00,Social,Always_On,0,0.0
user_812,2023-02-25 11:00:00,Social,Fall_Discount,0,0.0
user_813,2023-02-28 08:00:00,Display,Always_On,0,0.0
user_813,2023-03-01 03:00:00,Social,Always_On,0,0.0
user_813,2023-03-02 20:00:00,Search,Summer_Promo,0,0.0
user_813,2023-03-03 07:00:00,Email,Winter_Special,0,0.0
user_813,2023-03-04 16:00:00,Search,Spring_Sale,0,0.0
user_813,2023-03-05 03:00:00,Display,Summer_Promo,0,0.0
user_813,2023-03-06 09:00:00,Social,Summer_Promo,0,0.0
user_814,2023-02-21 18:00:00,Display,Summer_Promo,0,0.0
user_814,2023-02-22 13:00:00,Direct,Fall_Discount,0,0.0
user_814,2023-02-23 21:00:00,Direct,Winter_Special,0,0.0
user_814,2023-02-24 12:00:00,Display,Winter_Special,0,0.0
user_814,2023-02-25 23:00:00,Email,Always_On,0,0.0
user_814,2023-02-26 02:00:00,Direct,Always_On,0,0.0
user_814,2023-02-27 19:00:00,Social,Summer_Promo,0,0.0
user_814,2023-02-28 09:00:00,Search,Always_On,0,0.0
user_815,2023-02-04 12:00:00,Email,Always_On,1,56.84
user_816,2023-02-15 12:00:00,Search,Summer_Promo,0,0.0
user_816,2023-02-16 07:00:00,Display,Summer_Promo,0,0.0
user_816,2023-02-17 01:00:00,Social,Fall_Discount,0,0.0
user_817,2023-02-08 14:00:00,Display,Summer_Promo,0,0.0
user_818,2023-01-12 07:00:00,Direct,Summer_Promo,0,0.0
user_818,2023-01-13 00:00:00,Social,Always_On,0,0.0
user_818,2023-01-14 10:00:00,Direct,Fall_Discount,0,0.0
user_818,2023-01-15 05:00:00,Direct,Spring_Sale,0,0.0
user_818,2023-01-16 01:00:00,Email,Winter_Special,0,0.0
user_818,2023-01-17 23:00:00,Search,Spring_Sale,0,0.0
user_818,2023-01-18 04:00:00,Display,Winter_Special,0,0.0
user_819,2023-01-10 09:00:00,Social,Fall_Discount,0,0.0
user_819,2023-01-11 15:00:00,Display,Winter_Special,0,0.0
user_819,2023-01-12 16:00:00,Email,Summer_Promo,0,0.0
user_819,2023-01-13 01:00:00,Direct,Summer_Promo,0,0.0
user_819,2023-01-14 22:00:00,Direct,Summer_Promo,0,0.0
user_819,2023-01-15 23:00:00,Email,Always_On,0,0.0
user_82,2023-01-19 02:00:00,Direct,Spring_Sale,0,0.0
user_82,2023-01-20 21:00:00,Email,Fall_Discount,1,88.65
user_820,2023-02-23 18:00:00,Direct,Fall_Discount,0,0.0
user_820,2023-02-24 13:00:00,Direct,Winter_Special,0,0.0
user_820,2023-02-25 07:00:00,Search,Spring_Sale,0,0.0
user_820,2023-02-26 21:00:00,Direct,Always_On,0,0.0
user_820,2023-02-27 05:00:00,Email,Winter_Special,0,0.0
user_820,2023-02-28 08:00:00,Email,Fall_Discount,0,0.0
user_820,2023-03-01 05:00:00,Display,Always_On,0,0.0
user_820,2023-03-02 16:00:00,Display,Summer_Promo,0,0.0
user_821,2023-01-17 19:00:00,Direct,Spring_Sale,0,0.0
user_821,2023-01-18 14:00:00,Search,Summer_Promo,0,0.0
user_821,2023-01-19 22:00:00,Display,Fall_Discount,0,0.0
user_821,2023-01-20 08:00:00,Display,Summer_Promo,0,0.0
user_821,2023-01-21 05:00:00,Display,Summer_Promo,0,0.0
user_822,2023-02-10 14:00:00,Email,Summer_Promo,0,0.0
user_822,2023-02-11 07:00:00,Display,Always_On,0,0.0
user_822,2023-02-12 08:00:00,Social,Summer_Promo,0,0.0
user_822,2023-02-13 03:00:00,Email,Spring_Sale,0,0.0
user_823,2023-01-23 01:00:00,Display,Always_On,0,0.0
user_823,2023-01-24 09:00:00,Search,Fall_Discount,0,0.0
user_824,2023-02-18 03:00:00,Search,Always_On,0,0.0
user_824,2023-02-19 18:00:00,Search,Spring_Sale,1,100.77
user_825,2023-02-09 06:00:00,Direct,Fall_Discount,0,0.0
user_825,2023-02-10 06:00:00,Search,Fall_Discount,0,0.0
user_826,2023-01-23 05:00:00,Email,Summer_Promo,0,0.0
user_826,2023-01-24 23:00:00,Display,Summer_Promo,0,0.0
user_826,2023-01-25 18:00:00,Search,Fall_Discount,0,0.0
user_826,2023-01-26 05:00:00,Search,Winter_Special,0,0.0
user_826,2023-01-27 09:00:00,Email,Fall_Discount,0,0.0
user_826,2023-01-28 23:00:00,Display,Summer_Promo,0,0.0
user_826,2023-01-29 22:00:00,Social,Fall_Discount,0,0.0
user_826,2023-01-30 12:00:00,Social,Winter_Special,0,0.0
user_827,2023-02-28 19:00:00,Direct,Always_On,0,0.0
user_827,2023-03-01 23:00:00,Direct,Always_On,0,0.0
user_827,2023-03-02 17:00:00,Search,Summer_Promo,0,0.0
user_827,2023-03-03 13:00:00,Email,Summer_Promo,0,0.0
user_827,2023-03-04 22:00:00,Direct,Spring_Sale,0,0.0
user_827,2023-03-05 09:00:00,Social,Always_On,0,0.0
user_828,2023-02-07 15:00:00,Search,Always_On,0,0.0
user_828,2023-02-08 01:00:00,Display,Winter_Special,0,0.0
user_828,2023-02-09 20:00:00,Display,Always_On,0,0.0
user_828,2023-02-10 23:00:00,Display,Spring_Sale,0,0.0
user_828,2023-02-11 12:00:00,Search,Spring_Sale,0,0.0
user_828,2023-02-12 08:00:00,Search,Summer_Promo,0,0.0
user_828,2023-02-13 03:00:00,Social,Always_On,0,0.0
user_828,2023-02-14 08:00:00,Email,Fall_Discount,0,0.0
user_829,2023-01-22 07:00:00,Direct,Fall_Discount,0,0.0
user_829,2023-01-23 12:00:00,Search,Always_On,0,0.0
user_829,2023-01-24 09:00:00,Direct,Spring_Sale,0,0.0
user_829,2023-01-25 08:00:00,Social,Fall_Discount,0,0.0
user_829,2023-01-26 07:00:00,Search,Spring_Sale,0,0.0
user_829,2023-01-27 18:00:00,Email,Always_On,0,0.0
user_829,2023-01-28 17:00:00,Search,Winter_Special,0,0.0
user_829,2023-01-29 20:00:00,Social,Always_On,0,0.0
user_83,2023-01-30 23:00:00,Direct,Summer_Promo,0,0.0
user_830,2023-01-20 23:00:00,Direct,Summer_Promo,0,0.0
user_830,2023-01-21 04:00:00,Social,Fall_Discount,0,0.0
user_830,2023-01-22 19:00:00,Social,Summer_Promo,0,0.0
user_830,2023-01-23 15:00:00,Direct,Always_On,0,0.0
user_830,2023-01-24 03:00:00,Direct,Always_On,0,0.0
user_830,2023-01-25 16:00:00,Search,Summer_Promo,0,0.0
user_830,2023-01-26 22:00:00,Search,Spring_Sale,0,0.0
user_830,2023-01-27 04:00:00,Direct,Fall_Discount,0,0.0
user_830,2023-01-28 09:00:00,Social,Summer_Promo,0,0.0
user_831,2023-02-28 15:00:00,Direct,Winter_Special,0,0.0
user_832,2023-01-02 11:00:00,Social,Spring_Sale,0,0.0
user_832,2023-01-03 09:00:00,Email,Spring_Sale,0,0.0
user_832,2023-01-04 11:00:00,Search,Summer_Promo,0,0.0
user_832,2023-01-05 03:00:00,Display,Winter_Special,0,0.0
user_832,2023-01-06 01:00:00,Social,Winter_Special,0,0.0
user_833,2023-02-07 00:00:00,Display,Fall_Discount,0,0.0
user_833,2023-02-08 04:00:00,Social,Winter_Special,0,0.0
user_833,2023-02-09 01:00:00,Direct,Always_On,0,0.0
user_833,2023-02-10 04:00:00,Email,Fall_Discount,0,0.0
user_833,2023-02-11 14:00:00,Email,Always_On,0,0.0
user_833,2023-02-12 03:00:00,Direct,Summer_Promo,0,0.0
user_833,2023-02-13 09:00:00,Social,Always_On,0,0.0
user_834,2023-01-26 21:00:00,Search,Summer_Promo,0,0.0
user_834,2023-01-27 20:00:00,Direct,Always_On,0,0.0
user_835,2023-02-14 21:00:00,Email,Summer_Promo,0,0.0
user_836,2023-02-14 09:00:00,Email,Summer_Promo,0,0.0
user_836,2023-02-15 17:00:00,Search,Always_On,0,0.0
user_836,2023-02-16 20:00:00,Social,Summer_Promo,0,0.0
user_836,2023-02-17 06:00:00,Display,Winter_Special,0,0.0
user_836,2023-02-18 06:00:00,Direct,Summer_Promo,0,0.0
user_836,2023-02-19 00:00:00,Email,Winter_Special,0,0.0
user_836,2023-02-20 04:00:00,Email,Fall_Discount,1,160.08
user_837,2023-02-16 01:00:00,Search,Summer_Promo,0,0.0
user_837,2023-02-17 01:00:00,Display,Spring_Sale,0,0.0
user_837,2023-02-18 06:00:00,Email,Always_On,0,0.0
user_837,2023-02-19 20:00:00,Search,Always_On,0,0.0
user_837,2023-02-20 05:00:00,Display,Summer_Promo,0,0.0
user_838,2023-01-31 05:00:00,Email,Summer_Promo,0,0.0
user_838,2023-02-01 13:00:00,Search,Winter_Special,0,0.0
user_838,2023-02-02 06:00:00,Email,Spring_Sale,0,0.0
user_838,2023-02-03 20:00:00,Social,Spring_Sale,0,0.0
user_838,2023-02-04 16:00:00,Display,Spring_Sale,0,0.0
user_838,2023-02-05 14:00:00,Social,Always_On,0,0.0
user_838,2023-02-06 07:00:00,Social,Spring_Sale,0,0.0
user_838,2023-02-07 01:00:00,Social,Always_On,0,0.0
user_839,2023-02-08 03:00:00,Display,Summer_Promo,0,0.0
user_839,2023-02-09 20:00:00,Direct,Winter_Special,0,0.0
user_839,2023-02-10 01:00:00,Search,Fall_Discount,0,0.0
user_839,2023-02-11 03:00:00,Search,Summer_Promo,0,0.0
user_839,2023-02-12 05:00:00,Email,Summer_Promo,0,0.0
user_839,2023-02-13 06:00:00,Direct,Spring_Sale,0,0.0
user_84,2023-01-28 23:00:00,Display,Winter_Special,0,0.0
user_84,2023-01-29 03:00:00,Email,Spring_Sale,1,109.33
user_840,2023-01-19 11:00:00,Display,Fall_Discount,0,0.0
user_840,2023-01-20 09:00:00,Search,Winter_Special,0,0.0
user_840,2023-01-21 17:00:00,Direct,Spring_Sale,0,0.0
user_840,2023-01-22 05:00:00,Direct,Summer_Promo,0,0.0
user_841,2023-02-20 10:00:00,Search,Spring_Sale,0,0.0
user_841,2023-02-21 13:00:00,Search,Fall_Discount,0,0.0
user_842,2023-02-06 17:00:00,Search,Winter_Special,0,0.0
user_842,2023-02-07 22:00:00,Search,Fall_Discount,0,0.0
user_842,2023-02-08 18:00:00,Display,Always_On,0,0.0
user_842,2023-02-09 20:00:00,Social,Winter_Special,0,0.0
user_842,2023-02-10 11:00:00,Direct,Summer_Promo,0,0.0
user_842,2023-02-11 06:00:00,Search,Summer_Promo,0,0.0
user_842,2023-02-12 11:00:00,Display,Fall_Discount,0,0.0
user_842,2023-02-13 18:00:00,Email,Fall_Discount,0,0.0
user_843,2023-03-01 07:00:00,Email,Winter_Special,0,0.0
user_843,2023-03-02 23:00:00,Display,Winter_Special,0,0.0
user_843,2023-03-03 17:00:00,Social,Winter_Special,0,0.0
user_843,2023-03-04 19:00:00,Social,Spring_Sale,0,0.0
user_843,2023-03-05 22:00:00,Search,Fall_Discount,0,0.0
user_843,2023-03-06 22:00:00,Email,Winter_Special,0,0.0
user_843,2023-03-07 02:00:00,Display,Fall_Discount,0,0.0
user_844,2023-01-29 05:00:00,Search,Spring_Sale,0,0.0
user_844,2023-01-30 20:00:00,Search,Always_On,0,0.0
user_844,2023-01-31 08:00:00,Social,Fall_Discount,0,0.0
user_845,2023-02-14 17:00:00,Email,Fall_Discount,0,0.0
user_845,2023-02-15 11:00:00,Display,Always_On,0,0.0
user_845,2023-02-16 19:00:00,Search,Always_On,1,122.44
user_846,2023-01-22 23:00:00,Social,Summer_Promo,0,0.0
user_846,2023-01-23 02:00:00,Display,Spring_Sale,0,0.0
user_846,2023-01-24 15:00:00,Display,Winter_Special,0,0.0
user_846,2023-01-25 04:00:00,Social,Always_On,0,0.0
user_847,2023-02-17 01:00:00,Email,Winter_Special,0,0.0
user_847,2023-02-18 15:00:00,Social,Winter_Special,0,0.0
user_847,2023-02-19 15:00:00,Search,Winter_Special,0,0.0
user_847,2023-02-20 12:00:00,Social,Spring_Sale,0,0.0
user_847,2023-02-21 15:00:00,Display,Always_On,0,0.0
user_847,2023-02-22 21:00:00,Email,Spring_Sale,0,0.0
user_848,2023-01-26 04:00:00,Search,Always_On,0,0.0
user_848,2023-01-27 13:00:00,Search,Fall_Discount,0,0.0
user_849,2023-02-15 12:00:00,Social,Summer_Promo,0,0.0
user_849,2023-02-16 01:00:00,Email,Summer_Promo,0,0.0
user_849,2023-02-17 06:00:00,Social,Fall_Discount,0,0.0
user_849,2023-02-18 22:00:00,Direct,Summer_Promo,0,0.0
user_849,2023-02-19 14:00:00,Direct,Summer_Promo,0,0.0
user_849,2023-02-20 14:00:00,Display,Spring_Sale,0,0.0
user_85,2023-01-02 05:00:00,Social,Winter_Special,0,0.0
user_85,2023-01-03 21:00:00,Email,Fall_Discount,0,0.0
user_85,2023-01-04 17:00:00,Email,Always_On,0,0.0
user_85,2023-01-05 07:00:00,Search,Fall_Discount,0,0.0
user_850,2023-02-28 04:00:00,Search,Always_On,0,0.0
user_850,2023-03-01 04:00:00,Display,Fall_Discount,0,0.0
user_851,2023-01-23 14:00:00,Social,Spring_Sale,0,0.0
user_851,2023-01-24 12:00:00,Email,Winter_Special,0,0.0
user_851,2023-01-25 19:00:00,Email,Fall_Discount,0,0.0
user_851,2023-01-26 16:00:00,Social,Summer_Promo,0,0.0
user_851,2023-01-27 03:00:00,Direct,Winter_Special,0,0.0
user_851,2023-01-28 23:00:00,Direct,Spring_Sale,0,0.0
user_852,2023-02-04 12:00:00,Search,Summer_Promo,0,0.0
user_852,2023-02-05 10:00:00,Email,Summer_Promo,0,0.0
user_852,2023-02-06 12:00:00,Direct,Always_On,0,0.0
user_853,2023-02-11 12:00:00,Display,Winter_Special,0,0.0
user_853,2023-02-12 01:00:00,Email,Summer_Promo,0,0.0
user_853,2023-02-13 10:00:00,Email,Spring_Sale,0,0.0
user_853,2023-02-14 00:00:00,Social,Winter_Special,0,0.0
user_853,2023-02-15 00:00:00,Social,Always_On,0,0.0
user_853,2023-02-16 16:00:00,Search,Summer_Promo,0,0.0
user_853,2023-02-17 07:00:00,Social,Always_On,0,0.0
user_854,2023-01-12 16:00:00,Direct,Always_On,0,0.0
user_854,2023-01-13 11:00:00,Social,Fall_Discount,0,0.0
user_854,2023-01-14 12:00:00,Email,Summer_Promo,0,0.0
user_854,2023-01-15 16:00:00,Display,Fall_Discount,0,0.0
user_854,2023-01-16 23:00:00,Email,Summer_Promo,0,0.0
user_855,2023-02-15 22:00:00,Search,Spring_Sale,0,0.0
user_855,2023-02-16 20:00:00,Email,Spring_Sale,0,0.0
user_856,2023-01-20 22:00:00,Search,Summer_Promo,0,0.0
user_856,2023-01-21 17:00:00,Display,Always_On,0,0.0
user_856,2023-01-22 01:00:00,Social,Summer_Promo,0,0.0
user_856,2023-01-23 08:00:00,Search,Winter_Special,0,0.0
user_856,2023-01-24 15:00:00,Direct,Always_On,0,0.0
user_856,2023-01-25 07:00:00,Social,Winter_Special,0,0.0
user_856,2023-01-26 08:00:00,Social,Fall_Discount,0,0.0
user_856,2023-01-27 03:00:00,Social,Winter_Special,0,0.0
user_856,2023-01-28 14:00:00,Direct,Summer_Promo,0,0.0
user_857,2023-01-09 15:00:00,Display,Always_On,0,0.0
user_857,2023-01-10 13:00:00,Social,Winter_Special,0,0.0
user_857,2023-01-11 00:00:00,Display,Winter_Special,0,0.0
user_857,2023-01-12 13:00:00,Search,Spring_Sale,0,0.0
user_858,2023-02-17 18:00:00,Email,Spring_Sale,0,0.0
user_858,2023-02-18 11:00:00,Email,Winter_Special,0,0.0
user_858,2023-02-19 06:00:00,Search,Summer_Promo,0,0.0
user_858,2023-02-20 07:00:00,Direct,Summer_Promo,0,0.0
user_858,2023-02-21 14:00:00,Email,Spring_Sale,0,0.0
user_858,2023-02-22 20:00:00,Email,Summer_Promo,0,0.0
user_858,2023-02-23 19:00:00,Search,Spring_Sale,1,181.38
user_859,2023-01-27 04:00:00,Email,Fall_Discount,0,0.0
user_859,2023-01-28 22:00:00,Social,Fall_Discount,0,0.0
user_859,2023-01-29 11:00:00,Direct,Always_On,0,0.0
user_859,2023-01-30 00:00:00,Direct,Always_On,0,0.0
user_86,2023-02-11 22:00:00,Display,Summer_Promo,0,0.0
user_86,2023-02-12 21:00:00,Direct,Spring_Sale,0,0.0
user_86,2023-02-13 01:00:00,Search,Winter_Special,0,0.0
user_86,2023-02-14 01:00:00,Search,Fall_Discount,0,0.0
user_86,2023-02-15 07:00:00,Direct,Spring_Sale,0,0.0
user_86,2023-02-16 22:00:00,Display,Always_On,0,0.0
user_86,2023-02-17 02:00:00,Email,Summer_Promo,0,0.0
user_860,2023-02-21 10:00:00,Search,Fall_Discount,0,0.0
user_860,2023-02-22 18:00:00,Email,Winter_Special,0,0.0
user_860,2023-02-23 09:00:00,Display,Always_On,0,0.0
user_860,2023-02-24 05:00:00,Display,Spring_Sale,0,0.0
user_860,2023-02-25 16:00:00,Display,Summer_Promo,0,0.0
user_861,2023-01-16 15:00:00,Display,Summer_Promo,0,0.0
user_861,2023-01-17 17:00:00,Email,Summer_Promo,0,0.0
user_861,2023-01-18 17:00:00,Display,Always_On,0,0.0
user_861,2023-01-19 07:00:00,Direct,Always_On,0,0.0
user_861,2023-01-20 07:00:00,Search,Fall_Discount,1,156.48
user_862,2023-02-14 02:00:00,Display,Spring_Sale,0,0.0
user_862,2023-02-15 20:00:00,Display,Spring_Sale,0,0.0
user_862,2023-02-16 16:00:00,Email,Summer_Promo,0,0.0
user_862,2023-02-17 05:00:00,Direct,Summer_Promo,0,0.0
user_862,2023-02-18 05:00:00,Direct,Winter_Special,1,147.55
user_863,2023-02-08 06:00:00,Social,Spring_Sale,0,0.0
user_863,2023-02-09 03:00:00,Email,Spring_Sale,0,0.0
user_863,2023-02-10 04:00:00,Social,Always_On,0,0.0
user_863,2023-02-11 12:00:00,Email,Spring_Sale,0,0.0
user_863,2023-02-12 06:00:00,Social,Always_On,0,0.0
user_863,2023-02-13 15:00:00,Display,Spring_Sale,0,0.0
user_863,2023-02-14 00:00:00,Email,Fall_Discount,0,0.0
user_863,2023-02-15 08:00:00,Direct,Spring_Sale,0,0.0
user_863,2023-02-16 09:00:00,Search,Always_On,0,0.0
user_864,2023-01-20 07:00:00,Search,Summer_Promo,0,0.0
user_865,2023-01-10 05:00:00,Display,Fall_Discount,0,0.0
user_866,2023-01-18 21:00:00,Display,Fall_Discount,0,0.0
user_866,2023-01-19 08:00:00,Display,Summer_Promo,0,0.0
user_866,2023-01-20 10:00:00,Social,Spring_Sale,0,0.0
user_866,2023-01-21 23:00:00,Social,Fall_Discount,0,0.0
user_866,2023-01-22 06:00:00,Social,Spring_Sale,1,92.58
user_867,2023-01-13 05:00:00,Email,Always_On,0,0.0
user_868,2023-02-22 04:00:00,Email,Winter_Special,0,0.0
user_868,2023-02-23 07:00:00,Search,Summer_Promo,0,0.0
user_868,2023-02-24 02:00:00,Social,Fall_Discount,0,0.0
user_868,2023-02-25 13:00:00,Social,Spring_Sale,1,192.73
user_869,2023-01-12 20:00:00,Email,Summer_Promo,0,0.0
user_869,2023-01-13 05:00:00,Social,Spring_Sale,0,0.0
user_869,2023-01-14 06:00:00,Search,Fall_Discount,0,0.0
user_869,2023-01-15 13:00:00,Social,Summer_Promo,0,0.0
user_869,2023-01-16 18:00:00,Direct,Always_On,0,0.0
user_869,2023-01-17 09:00:00,Display,Summer_Promo,0,0.0
user_869,2023-01-18 00:00:00,Search,Fall_Discount,0,0.0
user_869,2023-01-19 18:00:00,Direct,Spring_Sale,0,0.0
user_869,2023-01-20 15:00:00,Social,Spring_Sale,0,0.0
user_87,2023-01-01 07:00:00,Direct,Winter_Special,0,0.0
user_87,2023-01-02 21:00:00,Search,Spring_Sale,0,0.0
user_87,2023-01-03 04:00:00,Search,Fall_Discount,0,0.0
user_87,2023-01-04 16:00:00,Display,Always_On,0,0.0
user_87,2023-01-05 14:00:00,Display,Winter_Special,0,0.0
user_87,2023-01-06 19:00:00,Display,Fall_Discount,0,0.0
user_87,2023-01-07 04:00:00,Social,Spring_Sale,0,0.0
user_87,2023-01-08 22:00:00,Direct,Spring_Sale,0,0.0
user_87,2023-01-09 04:00:00,Direct,Always_On,0,0.0
user_870,2023-03-01 13:00:00,Direct,Fall_Discount,0,0.0
user_870,2023-03-02 09:00:00,Direct,Spring_Sale,0,0.0
user_870,2023-03-03 08:00:00,Search,Fall_Discount,0,0.0
user_870,2023-03-04 05:00:00,Display,Always_On,0,0.0
user_870,2023-03-05 04:00:00,Direct,Spring_Sale,0,0.0
user_870,2023-03-06 06:00:00,Search,Spring_Sale,0,0.0
user_870,2023-03-07 16:00:00,Direct,Always_On,0,0.0
user_870,2023-03-08 18:00:00,Social,Summer_Promo,0,0.0
user_870,2023-03-09 17:00:00,Direct,Fall_Discount,0,0.0
user_871,2023-02-24 11:00:00,Search,Always_On,0,0.0
user_871,2023-02-25 16:00:00,Direct,Summer_Promo,0,0.0
user_871,2023-02-26 02:00:00,Display,Spring_Sale,0,0.0
user_871,2023-02-27 07:00:00,Social,Winter_Special,0,0.0
user_871,2023-02-28 09:00:00,Email,Summer_Promo,0,0.0
user_871,2023-03-01 03:00:00,Direct,Always_On,0,0.0
user_871,2023-03-02 23:00:00,Search,Always_On,0,0.0
user_871,2023-03-03 10:00:00,Display,Fall_Discount,0,0.0
user_871,2023-03-04 01:00:00,Search,Spring_Sale,0,0.0
user_872,2023-01-04 02:00:00,Display,Summer_Promo,0,0.0
user_872,2023-01-05 02:00:00,Direct,Summer_Promo,0,0.0
user_873,2023-01-14 10:00:00,Direct,Winter_Special,0,0.0
user_873,2023-01-15 21:00:00,Display,Spring_Sale,0,0.0
user_873,2023-01-16 10:00:00,Social,Always_On,0,0.0
user_874,2023-02-02 04:00:00,Email,Fall_Discount,0,0.0
user_874,2023-02-03 07:00:00,Display,Winter_Special,0,0.0
user_875,2023-01-17 03:00:00,Direct,Always_On,0,0.0
user_875,2023-01-18 07:00:00,Search,Spring_Sale,0,0.0
user_875,2023-01-19 02:00:00,Direct,Winter_Special,0,0.0
user_875,2023-01-20 04:00:00,Social,Summer_Promo,0,0.0
user_875,2023-01-21 10:00:00,Email,Fall_Discount,0,0.0
user_875,2023-01-22 23:00:00,Social,Spring_Sale,0,0.0
user_875,2023-01-23 23:00:00,Search,Fall_Discount,0,0.0
user_875,2023-01-24 08:00:00,Display,Summer_Promo,0,0.0
user_875,2023-01-25 09:00:00,Email,Summer_Promo,0,0.0
user_876,2023-02-21 18:00:00,Direct,Summer_Promo,0,0.0
user_877,2023-01-02 10:00:00,Email,Spring_Sale,1,102.36
user_878,2023-01-05 22:00:00,Display,Winter_Special,0,0.0
user_878,2023-01-06 14:00:00,Search,Winter_Special,0,0.0
user_878,2023-01-07 23:00:00,Search,Always_On,1,199.33
user_879,2023-02-12 06:00:00,Search,Summer_Promo,0,0.0
user_879,2023-02-13 12:00:00,Email,Winter_Special,0,0.0
user_879,2023-02-14 03:00:00,Email,Spring_Sale,0,0.0
user_879,2023-02-15 02:00:00,Email,Fall_Discount,0,0.0
user_88,2023-01-14 19:00:00,Display,Summer_Promo,0,0.0
user_88,2023-01-15 01:00:00,Email,Fall_Discount,0,0.0
user_88,2023-01-16 06:00:00,Direct,Spring_Sale,0,0.0
user_880,2023-01-14 12:00:00,Search,Always_On,0,0.0
user_880,2023-01-15 21:00:00,Search,Winter_Special,0,0.0
user_880,2023-01-16 17:00:00,Social,Winter_Special,0,0.0
user_880,2023-01-17 12:00:00,Email,Always_On,1,57.73
user_881,2023-02-10 13:00:00,Display,Fall_Discount,0,0.0
user_881,2023-02-11 19:00:00,Email,Fall_Discount,0,0.0
user_881,2023-02-12 16:00:00,Direct,Spring_Sale,0,0.0
user_881,2023-02-13 18:00:00,Email,Spring_Sale,0,0.0
user_881,2023-02-14 08:00:00,Social,Spring_Sale,0,0.0
user_881,2023-02-15 08:00:00,Email,Always_On,0,0.0
user_882,2023-01-02 09:00:00,Search,Fall_Discount,0,0.0
user_882,2023-01-03 07:00:00,Social,Fall_Discount,0,0.0
user_882,2023-01-04 15:00:00,Display,Winter_Special,0,0.0
user_882,2023-01-05 07:00:00,Search,Fall_Discount,0,0.0
user_882,2023-01-06 18:00:00,Social,Always_On,0,0.0
user_883,2023-02-13 23:00:00,Social,Fall_Discount,0,0.0
user_883,2023-02-14 05:00:00,Display,Winter_Special,0,0.0
user_883,2023-02-15 06:00:00,Social,Always_On,0,0.0
user_883,2023-02-16 03:00:00,Email,Summer_Promo,0,0.0
user_883,2023-02-17 10:00:00,Email,Fall_Discount,0,0.0
user_883,2023-02-18 16:00:00,Direct,Fall_Discount,0,0.0
user_883,2023-02-19 21:00:00,Search,Winter_Special,0,0.0
user_883,2023-02-20 00:00:00,Display,Spring_Sale,0,0.0
user_883,2023-02-21 23:00:00,Email,Fall_Discount,0,0.0
user_884,2023-01-04 06:00:00,Display,Fall_Discount,0,0.0
user_885,2023-02-03 14:00:00,Social,Fall_Discount,0,0.0
user_885,2023-02-04 02:00:00,Search,Winter_Special,1,85.39
user_886,2023-01-26 15:00:00,Search,Fall_Discount,0,0.0
user_886,2023-01-27 16:00:00,Direct,Fall_Discount,0,0.0
user_886,2023-01-28 18:00:00,Direct,Fall_Discount,0,0.0
user_886,2023-01-29 14:00:00,Social,Summer_Promo,0,0.0
user_886,2023-01-30 22:00:00,Email,Summer_Promo,0,0.0
user_886,2023-01-31 04:00:00,Display,Spring_Sale,0,0.0
user_886,2023-02-01 19:00:00,Social,Fall_Discount,0,0.0
user_887,2023-01-26 19:00:00,Social,Always_On,0,0.0
user_887,2023-01-27 03:00:00,Social,Always_On,0,0.0
user_887,2023-01-28 23:00:00,Search,Always_On,0,0.0
user_887,2023-01-29 17:00:00,Social,Fall_Discount,0,0.0
user_888,2023-02-26 05:00:00,Search,Fall_Discount,0,0.0
user_888,2023-02-27 05:00:00,Search,Winter_Special,0,0.0
user_888,2023-02-28 18:00:00,Display,Fall_Discount,0,0.0
user_888,2023-03-01 19:00:00,Display,Summer_Promo,0,0.0
user_888,2023-03-02 03:00:00,Display,Always_On,0,0.0
user_888,2023-03-03 18:00:00,Social,Fall_Discount,0,0.0
user_888,2023-03-04 04:00:00,Search,Fall_Discount,0,0.0
user_889,2023-02-28 08:00:00,Social,Fall_Discount,0,0.0
user_889,2023-03-01 21:00:00,Display,Summer_Promo,0,0.0
user_889,2023-03-02 20:00:00,Email,Fall_Discount,0,0.0
user_889,2023-03-03 23:00:00,Direct,Fall_Discount,0,0.0
user_889,2023-03-04 01:00:00,Social,Always_On,0,0.0
user_89,2023-01-23 22:00:00,Display,Winter_Special,0,0.0
user_89,2023-01-24 15:00:00,Direct,Winter_Special,0,0.0
user_890,2023-02-06 18:00:00,Search,Spring_Sale,0,0.0
user_890,2023-02-07 23:00:00,Direct,Summer_Promo,0,0.0
user_890,2023-02-08 16:00:00,Email,Spring_Sale,0,0.0
user_890,2023-02-09 19:00:00,Email,Fall_Discount,0,0.0
user_891,2023-03-01 12:00:00,Display,Spring_Sale,0,0.0
user_891,2023-03-02 15:00:00,Direct,Winter_Special,0,0.0
user_891,2023-03-03 16:00:00,Direct,Winter_Special,0,0.0
user_891,2023-03-04 05:00:00,Search,Summer_Promo,0,0.0
user_891,2023-03-05 10:00:00,Email,Always_On,1,141.9
user_892,2023-02-21 15:00:00,Direct,Always_On,0,0.0
user_892,2023-02-22 04:00:00,Search,Always_On,0,0.0
user_892,2023-02-23 13:00:00,Social,Spring_Sale,0,0.0
user_892,2023-02-24 20:00:00,Social,Summer_Promo,0,0.0
user_892,2023-02-25 18:00:00,Display,Winter_Special,0,0.0
user_892,2023-02-26 21:00:00,Direct,Summer_Promo,0,0.0
user_892,2023-02-27 17:00:00,Email,Spring_Sale,0,0.0
user_892,2023-02-28 17:00:00,Email,Fall_Discount,0,0.0
user_892,2023-03-01 18:00:00,Display,Summer_Promo,0,0.0
user_893,2023-02-06 07:00:00,Email,Summer_Promo,0,0.0
user_893,2023-02-07 20:00:00,Email,Spring_Sale,0,0.0
user_893,2023-02-08 20:00:00,Email,Winter_Special,0,0.0
user_893,2023-02-09 19:00:00,Direct,Spring_Sale,0,0.0
user_893,2023-02-10 08:00:00,Direct,Summer_Promo,0,0.0
user_893,2023-02-11 15:00:00,Direct,Summer_Promo,0,0.0
user_894,2023-01-29 21:00:00,Direct,Fall_Discount,0,0.0
user_894,2023-01-30 23:00:00,Email,Fall_Discount,1,179.34
user_895,2023-02-03 01:00:00,Direct,Summer_Promo,0,0.0
user_895,2023-02-04 16:00:00,Display,Always_On,0,0.0
user_895,2023-02-05 22:00:00,Social,Winter_Special,0,0.0
user_896,2023-02-06 13:00:00,Search,Spring_Sale,0,0.0
user_896,2023-02-07 15:00:00,Direct,Winter_Special,0,0.0
user_896,2023-02-08 08:00:00,Social,Fall_Discount,0,0.0
user_896,2023-02-09 18:00:00,Search,Summer_Promo,0,0.0
user_896,2023-02-10 00:00:00,Social,Always_On,0,0.0
user_896,2023-02-11 07:00:00,Search,Always_On,0,0.0
user_896,2023-02-12 10:00:00,Email,Spring_Sale,0,0.0
user_896,2023-02-13 05:00:00,Search,Fall_Discount,0,0.0
user_896,2023-02-14 01:00:00,Social,Winter_Special,0,0.0
user_897,2023-01-11 19:00:00,Email,Always_On,1,159.12
user_898,2023-02-10 21:00:00,Direct,Always_On,0,0.0
user_898,2023-02-11 21:00:00,Email,Always_On,0,0.0
user_898,2023-02-12 20:00:00,Direct,Winter_Special,0,0.0
user_898,2023-02-13 12:00:00,Search,Fall_Discount,0,0.0
user_898,2023-02-14 04:00:00,Search,Always_On,0,0.0
user_898,2023-02-15 14:00:00,Direct,Always_On,0,0.0
user_899,2023-02-03 03:00:00,Email,Always_On,0,0.0
user_899,2023-02-04 00:00:00,Email,Winter_Special,0,0.0
user_899,2023-02-05 09:00:00,Search,Winter_Special,0,0.0
user_899,2023-02-06 23:00:00,Display,Spring_Sale,0,0.0
user_899,2023-02-07 08:00:00,Social,Summer_Promo,0,0.0
user_899,2023-02-08 11:00:00,Social,Summer_Promo,0,0.0
user_9,2023-02-01 23:00:00,Display,Fall_Discount,0,0.0
user_9,2023-02-02 01:00:00,Direct,Winter_Special,0,0.0
user_9,2023-02-03 08:00:00,Email,Spring_Sale,0,0.0
user_9,2023-02-04 19:00:00,Direct,Fall_Discount,0,0.0
user_9,2023-02-05 02:00:00,Display,Fall_Discount,0,0.0
user_9,2023-02-06 08:00:00,Display,Winter_Special,0,0.0
user_90,2023-01-08 00:00:00,Social,Always_On,0,0.0
user_90,2023-01-09 14:00:00,Direct,Always_On,0,0.0
user_90,2023-01-10 22:00:00,Social,Spring_Sale,0,0.0
user_90,2023-01-11 17:00:00,Email,Summer_Promo,0,0.0
user_90,2023-01-12 11:00:00,Social,Spring_Sale,0,0.0
user_90,2023-01-13 00:00:00,Search,Winter_Special,0,0.0
user_90,2023-01-14 08:00:00,Direct,Always_On,0,0.0
user_900,2023-02-09 13:00:00,Search,Spring_Sale,0,0.0
user_900,2023-02-10 05:00:00,Display,Always_On,0,0.0
user_900,2023-02-11 17:00:00,Search,Always_On,0,0.0
user_900,2023-02-12 20:00:00,Email,Summer_Promo,0,0.0
user_900,2023-02-13 13:00:00,Search,Fall_Discount,0,0.0
user_900,2023-02-14 03:00:00,Direct,Summer_Promo,0,0.0
user_900,2023-02-15 10:00:00,Social,Winter_Special,0,0.0
user_900,2023-02-16 20:00:00,Display,Summer_Promo,0,0.0
user_900,2023-02-17 19:00:00,Email,Spring_Sale,0,0.0
user_901,2023-01-31 15:00:00,Search,Fall_Discount,0,0.0
user_901,2023-02-01 01:00:00,Social,Fall_Discount,0,0.0
user_901,2023-02-02 19:00:00,Display,Winter_Special,0,0.0
user_901,2023-02-03 11:00:00,Email,Summer_Promo,1,184.73
user_902,2023-03-01 11:00:00,Direct,Always_On,0,0.0
user_902,2023-03-02 07:00:00,Social,Spring_Sale,0,0.0
user_902,2023-03-03 07:00:00,Search,Fall_Discount,0,0.0
user_903,2023-02-01 20:00:00,Display,Always_On,0,0.0
user_903,2023-02-02 13:00:00,Direct,Summer_Promo,0,0.0
user_903,2023-02-03 01:00:00,Search,Always_On,0,0.0
user_903,2023-02-04 04:00:00,Social,Always_On,0,0.0
user_903,2023-02-05 15:00:00,Direct,Always_On,0,0.0
user_903,2023-02-06 04:00:00,Display,Always_On,0,0.0
user_903,2023-02-07 11:00:00,Email,Winter_Special,0,0.0
user_903,2023-02-08 08:00:00,Display,Summer_Promo,0,0.0
user_903,2023-02-09 12:00:00,Display,Winter_Special,0,0.0
user_904,2023-01-16 01:00:00,Display,Fall_Discount,0,0.0
user_905,2023-01-01 15:00:00,Social,Summer_Promo,0,0.0
user_905,2023-01-02 03:00:00,Social,Winter_Special,0,0.0
user_905,2023-01-03 09:00:00,Social,Fall_Discount,0,0.0
user_905,2023-01-04 21:00:00,Social,Fall_Discount,0,0.0
user_906,2023-01-02 06:00:00,Email,Fall_Discount,0,0.0
user_906,2023-01-03 03:00:00,Direct,Always_On,0,0.0
user_906,2023-01-04 11:00:00,Social,Summer_Promo,1,131.14
user_907,2023-01-30 00:00:00,Direct,Spring_Sale,0,0.0
user_907,2023-01-31 10:00:00,Display,Spring_Sale,0,0.0
user_907,2023-02-01 12:00:00,Email,Fall_Discount,0,0.0
user_907,2023-02-02 01:00:00,Direct,Summer_Promo,0,0.0
user_907,2023-02-03 10:00:00,Direct,Spring_Sale,0,0.0
user_907,2023-02-04 15:00:00,Direct,Always_On,0,0.0
user_908,2023-01-16 07:00:00,Search,Always_On,0,0.0
user_908,2023-01-17 22:00:00,Search,Summer_Promo,0,0.0
user_909,2023-02-22 08:00:00,Social,Always_On,0,0.0
user_909,2023-02-23 05:00:00,Direct,Summer_Promo,0,0.0
user_91,2023-02-19 08:00:00,Search,Spring_Sale,0,0.0
user_91,2023-02-20 20:00:00,Direct,Spring_Sale,0,0.0
user_910,2023-02-10 09:00:00,Direct,Always_On,0,0.0
user_911,2023-02-16 14:00:00,Direct,Fall_Discount,0,0.0
user_911,2023-02-17 23:00:00,Email,Spring_Sale,0,0.0
user_911,2023-02-18 14:00:00,Display,Fall_Discount,0,0.0
user_911,2023-02-19 04:00:00,Direct,Summer_Promo,1,135.6
user_912,2023-02-23 21:00:00,Email,Winter_Special,0,0.0
user_912,2023-02-24 13:00:00,Email,Always_On,0,0.0
user_912,2023-02-25 13:00:00,Direct,Summer_Promo,0,0.0
user_912,2023-02-26 09:00:00,Direct,Spring_Sale,0,0.0
user_912,2023-02-27 13:00:00,Display,Spring_Sale,0,0.0
user_912,2023-02-28 19:00:00,Social,Spring_Sale,0,0.0
user_912,2023-03-01 18:00:00,Social,Fall_Discount,0,0.0
user_912,2023-03-02 01:00:00,Search,Fall_Discount,0,0.0
user_912,2023-03-03 16:00:00,Direct,Summer_Promo,0,0.0
user_913,2023-02-26 12:00:00,Email,Spring_Sale,0,0.0
user_913,2023-02-27 22:00:00,Display,Fall_Discount,0,0.0
user_913,2023-02-28 06:00:00,Email,Spring_Sale,0,0.0
user_913,2023-03-01 04:00:00,Social,Spring_Sale,0,0.0
user_913,2023-03-02 15:00:00,Search,Fall_Discount,0,0.0
user_914,2023-01-13 06:00:00,Search,Summer_Promo,0,0.0
user_914,2023-01-14 21:00:00,Direct,Winter_Special,0,0.0
user_914,2023-01-15 07:00:00,Email,Summer_Promo,0,0.0
user_914,2023-01-16 07:00:00,Display,Winter_Special,0,0.0
user_914,2023-01-17 03:00:00,Email,Winter_Special,0,0.0
user_914,2023-01-18 15:00:00,Display,Winter_Special,0,0.0
user_914,2023-01-19 19:00:00,Search,Winter_Special,0,0.0
user_914,2023-01-20 04:00:00,Social,Spring_Sale,0,0.0
user_915,2023-01-02 12:00:00,Direct,Winter_Special,0,0.0
user_915,2023-01-03 02:00:00,Email,Summer_Promo,0,0.0
user_916,2023-02-25 06:00:00,Search,Winter_Special,0,0.0
user_916,2023-02-26 21:00:00,Social,Spring_Sale,0,0.0
user_916,2023-02-27 14:00:00,Direct,Fall_Discount,0,0.0
user_917,2023-02-20 08:00:00,Social,Always_On,0,0.0
user_917,2023-02-21 16:00:00,Email,Always_On,0,0.0
user_917,2023-02-22 16:00:00,Search,Winter_Special,0,0.0
user_917,2023-02-23 09:00:00,Direct,Always_On,0,0.0
user_917,2023-02-24 16:00:00,Display,Summer_Promo,0,0.0
user_917,2023-02-25 22:00:00,Email,Winter_Special,0,0.0
user_917,2023-02-26 06:00:00,Direct,Summer_Promo,0,0.0
user_917,2023-02-27 19:00:00,Email,Always_On,0,0.0
user_917,2023-02-28 23:00:00,Social,Winter_Special,0,0.0
user_918,2023-01-25 03:00:00,Direct,Winter_Special,0,0.0
user_918,2023-01-26 06:00:00,Social,Summer_Promo,0,0.0
user_918,2023-01-27 08:00:00,Email,Winter_Special,0,0.0
user_918,2023-01-28 00:00:00,Display,Winter_Special,0,0.0
user_918,2023-01-29 01:00:00,Display,Summer_Promo,0,0.0
user_918,2023-01-30 21:00:00,Direct,Winter_Special,0,0.0
user_918,2023-01-31 01:00:00,Email,Summer_Promo,0,0.0
user_918,2023-02-01 19:00:00,Display,Always_On,0,0.0
user_918,2023-02-02 22:00:00,Social,Summer_Promo,0,0.0
user_919,2023-02-22 12:00:00,Search,Winter_Special,0,0.0
user_92,2023-01-11 05:00:00,Display,Summer_Promo,0,0.0
user_92,2023-01-12 17:00:00,Email,Summer_Promo,0,0.0
user_92,2023-01-13 10:00:00,Email,Always_On,0,0.0
user_92,2023-01-14 14:00:00,Search,Always_On,0,0.0
user_92,2023-01-15 18:00:00,Social,Always_On,0,0.0
user_92,2023-01-16 16:00:00,Search,Spring_Sale,0,0.0
user_92,2023-01-17 05:00:00,Email,Winter_Special,1,140.52
user_920,2023-02-16 20:00:00,Direct,Winter_Special,1,87.6
user_921,2023-01-29 13:00:00,Search,Summer_Promo,0,0.0
user_921,2023-01-30 17:00:00,Direct,Fall_Discount,0,0.0
user_921,2023-01-31 18:00:00,Direct,Always_On,0,0.0
user_921,2023-02-01 22:00:00,Display,Fall_Discount,0,0.0
user_921,2023-02-02 00:00:00,Search,Winter_Special,1,116.17
user_922,2023-01-13 03:00:00,Display,Winter_Special,0,0.0
user_922,2023-01-14 18:00:00,Direct,Always_On,0,0.0
user_922,2023-01-15 11:00:00,Display,Summer_Promo,0,0.0
user_922,2023-01-16 07:00:00,Email,Winter_Special,0,0.0
user_922,2023-01-17 04:00:00,Direct,Fall_Discount,0,0.0
user_922,2023-01-18 19:00:00,Social,Always_On,0,0.0
user_922,2023-01-19 07:00:00,Search,Always_On,0,0.0
user_923,2023-01-26 04:00:00,Direct,Winter_Special,0,0.0
user_923,2023-01-27 21:00:00,Search,Always_On,0,0.0
user_924,2023-02-02 10:00:00,Display,Spring_Sale,0,0.0
user_924,2023-02-03 00:00:00,Search,Spring_Sale,0,0.0
user_924,2023-02-04 00:00:00,Display,Fall_Discount,0,0.0
user_924,2023-02-05 05:00:00,Direct,Fall_Discount,0,0.0
user_925,2023-02-03 15:00:00,Display,Always_On,0,0.0
user_925,2023-02-04 22:00:00,Display,Fall_Discount,0,0.0
user_925,2023-02-05 18:00:00,Email,Fall_Discount,0,0.0
user_925,2023-02-06 16:00:00,Search,Always_On,0,0.0
user_925,2023-02-07 18:00:00,Email,Winter_Special,0,0.0
user_925,2023-02-08 23:00:00,Display,Spring_Sale,0,0.0
user_926,2023-01-23 13:00:00,Search,Spring_Sale,0,0.0
user_927,2023-02-03 05:00:00,Social,Summer_Promo,0,0.0
user_928,2023-02-16 09:00:00,Social,Winter_Special,0,0.0
user_929,2023-01-05 02:00:00,Direct,Fall_Discount,0,0.0
user_929,2023-01-06 05:00:00,Social,Spring_Sale,0,0.0
user_929,2023-01-07 10:00:00,Search,Spring_Sale,0,0.0
user_929,2023-01-08 16:00:00,Email,Fall_Discount,1,78.29
user_93,2023-02-15 20:00:00,Search,Fall_Discount,0,0.0
user_93,2023-02-16 20:00:00,Social,Winter_Special,0,0.0
user_930,2023-01-21 00:00:00,Search,Summer_Promo,0,0.0
user_930,2023-01-22 18:00:00,Email,Winter_Special,0,0.0
user_930,2023-01-23 03:00:00,Email,Fall_Discount,0,0.0
user_931,2023-02-12 00:00:00,Email,Summer_Promo,1,66.5
user_932,2023-01-24 17:00:00,Direct,Always_On,0,0.0
user_932,2023-01-25 09:00:00,Direct,Spring_Sale,0,0.0
user_932,2023-01-26 06:00:00,Search,Spring_Sale,0,0.0
user_932,2023-01-27 15:00:00,Direct,Winter_Special,0,0.0
user_932,2023-01-28 01:00:00,Social,Winter_Special,0,0.0
user_932,2023-01-29 08:00:00,Search,Always_On,0,0.0
user_932,2023-01-30 17:00:00,Display,Winter_Special,0,0.0
user_933,2023-01-06 14:00:00,Email,Summer_Promo,0,0.0
user_933,2023-01-07 20:00:00,Email,Summer_Promo,0,0.0
user_933,2023-01-08 04:00:00,Email,Winter_Special,0,0.0
user_933,2023-01-09 02:00:00,Email,Always_On,0,0.0
user_934,2023-01-29 22:00:00,Social,Winter_Special,0,0.0
user_934,2023-01-30 16:00:00,Email,Summer_Promo,0,0.0
user_934,2023-01-31 21:00:00,Social,Always_On,0,0.0
user_935,2023-01-09 09:00:00,Direct,Always_On,0,0.0
user_935,2023-01-10 13:00:00,Display,Summer_Promo,0,0.0
user_935,2023-01-11 01:00:00,Search,Winter_Special,0,0.0
user_935,2023-01-12 07:00:00,Search,Spring_Sale,0,0.0
user_935,2023-01-13 09:00:00,Social,Fall_Discount,0,0.0
user_936,2023-01-21 13:00:00,Email,Summer_Promo,0,0.0
user_936,2023-01-22 11:00:00,Social,Always_On,0,0.0
user_936,2023-01-23 07:00:00,Search,Fall_Discount,0,0.0
user_936,2023-01-24 05:00:00,Direct,Winter_Special,0,0.0
user_936,2023-01-25 05:00:00,Social,Always_On,0,0.0
user_936,2023-01-26 18:00:00,Social,Spring_Sale,0,0.0
user_937,2023-01-17 20:00:00,Search,Always_On,0,0.0
user_938,2023-01-30 12:00:00,Direct,Summer_Promo,0,0.0
user_938,2023-01-31 12:00:00,Direct,Fall_Discount,0,0.0
user_938,2023-02-01 05:00:00,Email,Summer_Promo,0,0.0
user_938,2023-02-02 23:00:00,Display,Winter_Special,0,0.0
user_938,2023-02-03 15:00:00,Social,Summer_Promo,0,0.0
user_938,2023-02-04 23:00:00,Direct,Winter_Special,0,0.0
user_938,2023-02-05 06:00:00,Display,Fall_Discount,0,0.0
user_938,2023-02-06 01:00:00,Search,Spring_Sale,0,0.0
user_939,2023-02-08 20:00:00,Search,Fall_Discount,0,0.0
user_939,2023-02-09 02:00:00,Email,Always_On,0,0.0
user_94,2023-01-12 15:00:00,Direct,Summer_Promo,0,0.0
user_94,2023-01-13 14:00:00,Display,Winter_Special,0,0.0
user_94,2023-01-14 10:00:00,Social,Winter_Special,1,79.37
user_940,2023-01-23 06:00:00,Display,Summer_Promo,0,0.0
user_940,2023-01-24 03:00:00,Direct,Fall_Discount,0,0.0
user_940,2023-01-25 18:00:00,Search,Always_On,0,0.0
user_940,2023-01-26 10:00:00,Search,Winter_Special,0,0.0
user_941,2023-01-26 03:00:00,Direct,Summer_Promo,0,0.0
user_942,2023-02-13 06:00:00,Search,Spring_Sale,0,0.0
user_942,2023-02-14 19:00:00,Display,Winter_Special,0,0.0
user_942,2023-02-15 22:00:00,Direct,Fall_Discount,0,0.0
user_942,2023-02-16 18:00:00,Direct,Winter_Special,0,0.0
user_943,2023-02-27 12:00:00,Email,Summer_Promo,0,0.0
user_943,2023-02-28 12:00:00,Direct,Always_On,0,0.0
user_943,2023-03-01 14:00:00,Email,Spring_Sale,0,0.0
user_943,2023-03-02 15:00:00,Direct,Winter_Special,0,0.0
user_943,2023-03-03 05:00:00,Display,Fall_Discount,0,0.0
user_943,2023-03-04 20:00:00,Direct,Spring_Sale,0,0.0
user_943,2023-03-05 14:00:00,Social,Fall_Discount,0,0.0
user_943,2023-03-06 02:00:00,Search,Summer_Promo,0,0.0
user_944,2023-01-20 09:00:00,Display,Always_On,0,0.0
user_944,2023-01-21 13:00:00,Search,Winter_Special,0,0.0
user_944,2023-01-22 05:00:00,Display,Fall_Discount,1,141.25
user_945,2023-02-03 17:00:00,Search,Spring_Sale,0,0.0
user_945,2023-02-04 20:00:00,Search,Summer_Promo,0,0.0
user_945,2023-02-05 10:00:00,Direct,Fall_Discount,0,0.0
user_945,2023-02-06 00:00:00,Social,Always_On,0,0.0
user_945,2023-02-07 23:00:00,Search,Spring_Sale,0,0.0
user_945,2023-02-08 18:00:00,Display,Spring_Sale,0,0.0
user_946,2023-02-05 13:00:00,Direct,Winter_Special,0,0.0
user_946,2023-02-06 15:00:00,Email,Spring_Sale,0,0.0
user_946,2023-02-07 00:00:00,Search,Spring_Sale,0,0.0
user_946,2023-02-08 03:00:00,Display,Always_On,0,0.0
user_947,2023-02-27 15:00:00,Social,Summer_Promo,0,0.0
user_947,2023-02-28 09:00:00,Email,Fall_Discount,0,0.0
user_948,2023-01-04 00:00:00,Email,Spring_Sale,0,0.0
user_949,2023-01-28 09:00:00,Search,Winter_Special,0,0.0
user_949,2023-01-29 16:00:00,Email,Summer_Promo,0,0.0
user_949,2023-01-30 08:00:00,Search,Winter_Special,0,0.0
user_949,2023-01-31 16:00:00,Social,Spring_Sale,0,0.0
user_949,2023-02-01 05:00:00,Search,Summer_Promo,0,0.0
user_949,2023-02-02 11:00:00,Search,Always_On,0,0.0
user_949,2023-02-03 22:00:00,Social,Fall_Discount,0,0.0
user_949,2023-02-04 23:00:00,Social,Always_On,1,75.06
user_95,2023-01-16 14:00:00,Direct,Winter_Special,0,0.0
user_95,2023-01-17 14:00:00,Email,Fall_Discount,0,0.0
user_95,2023-01-18 01:00:00,Direct,Fall_Discount,0,0.0
user_95,2023-01-19 19:00:00,Display,Always_On,0,0.0
user_95,2023-01-20 02:00:00,Direct,Winter_Special,0,0.0
user_95,2023-01-21 17:00:00,Social,Winter_Special,0,0.0
user_95,2023-01-22 10:00:00,Direct,Winter_Special,0,0.0
user_950,2023-01-19 09:00:00,Social,Spring_Sale,0,0.0
user_950,2023-01-20 11:00:00,Direct,Summer_Promo,0,0.0
user_950,2023-01-21 22:00:00,Search,Winter_Special,0,0.0
user_951,2023-02-15 00:00:00,Display,Winter_Special,0,0.0
user_951,2023-02-16 14:00:00,Search,Summer_Promo,0,0.0
user_951,2023-02-17 07:00:00,Email,Spring_Sale,0,0.0
user_951,2023-02-18 14:00:00,Social,Always_On,0,0.0
user_951,2023-02-19 18:00:00,Search,Summer_Promo,0,0.0
user_951,2023-02-20 03:00:00,Email,Winter_Special,0,0.0
user_951,2023-02-21 15:00:00,Search,Winter_Special,0,0.0
user_951,2023-02-22 11:00:00,Email,Spring_Sale,1,106.03
user_952,2023-02-02 20:00:00,Search,Always_On,0,0.0
user_952,2023-02-03 12:00:00,Social,Winter_Special,0,0.0
user_952,2023-02-04 12:00:00,Social,Spring_Sale,0,0.0
user_952,2023-02-05 00:00:00,Email,Fall_Discount,0,0.0
user_952,2023-02-06 00:00:00,Social,Winter_Special,0,0.0
user_953,2023-01-27 20:00:00,Search,Summer_Promo,0,0.0
user_953,2023-01-28 22:00:00,Email,Fall_Discount,1,110.07
user_954,2023-02-17 16:00:00,Social,Fall_Discount,0,0.0
user_954,2023-02-18 11:00:00,Direct,Winter_Special,0,0.0
user_955,2023-01-04 15:00:00,Display,Summer_Promo,0,0.0
user_955,2023-01-05 05:00:00,Search,Fall_Discount,0,0.0
user_955,2023-01-06 08:00:00,Search,Always_On,0,0.0
user_955,2023-01-07 18:00:00,Email,Winter_Special,0,0.0
user_955,2023-01-08 13:00:00,Search,Winter_Special,0,0.0
user_955,2023-01-09 12:00:00,Display,Winter_Special,0,0.0
user_955,2023-01-10 21:00:00,Search,Summer_Promo,0,0.0
user_955,2023-01-11 19:00:00,Email,Summer_Promo,0,0.0
user_956,2023-01-10 21:00:00,Search,Summer_Promo,0,0.0
user_956,2023-01-11 07:00:00,Social,Spring_Sale,1,151.93
user_957,2023-01-20 07:00:00,Display,Spring_Sale,0,0.0
user_957,2023-01-21 15:00:00,Search,Always_On,0,0.0
user_957,2023-01-22 16:00:00,Social,Spring_Sale,0,0.0
user_957,2023-01-23 20:00:00,Direct,Winter_Special,0,0.0
user_958,2023-02-13 01:00:00,Social,Spring_Sale,0,0.0
user_958,2023-02-14 12:00:00,Display,Winter_Special,0,0.0
user_958,2023-02-15 17:00:00,Social,Spring_Sale,0,0.0
user_958,2023-02-16 07:00:00,Search,Summer_Promo,0,0.0
user_958,2023-02-17 23:00:00,Search,Winter_Special,0,0.0
user_958,2023-02-18 08:00:00,Email,Fall_Discount,0,0.0
user_959,2023-02-21 07:00:00,Display,Always_On,0,0.0
user_959,2023-02-22 20:00:00,Direct,Always_On,0,0.0
user_959,2023-02-23 21:00:00,Search,Spring_Sale,0,0.0
user_959,2023-02-24 07:00:00,Social,Spring_Sale,0,0.0
user_959,2023-02-25 08:00:00,Search,Fall_Discount,0,0.0
user_959,2023-02-26 14:00:00,Search,Spring_Sale,0,0.0
user_959,2023-02-27 05:00:00,Email,Spring_Sale,0,0.0
user_959,2023-02-28 14:00:00,Social,Spring_Sale,0,0.0
user_959,2023-03-01 08:00:00,Social,Fall_Discount,0,0.0
user_96,2023-01-13 09:00:00,Search,Summer_Promo,0,0.0
user_96,2023-01-14 21:00:00,Display,Winter_Special,0,0.0
user_96,2023-01-15 23:00:00,Search,Winter_Special,0,0.0
user_96,2023-01-16 22:00:00,Email,Always_On,0,0.0
user_96,2023-01-17 08:00:00,Direct,Winter_Special,0,0.0
user_96,2023-01-18 09:00:00,Social,Summer_Promo,0,0.0
user_96,2023-01-19 04:00:00,Search,Summer_Promo,0,0.0
user_960,2023-01-03 13:00:00,Direct,Summer_Promo,0,0.0
user_960,2023-01-04 17:00:00,Display,Always_On,0,0.0
user_960,2023-01-05 21:00:00,Email,Winter_Special,0,0.0
user_960,2023-01-06 19:00:00,Display,Spring_Sale,0,0.0
user_960,2023-01-07 04:00:00,Social,Winter_Special,0,0.0
user_960,2023-01-08 13:00:00,Social,Always_On,0,0.0
user_960,2023-01-09 00:00:00,Display,Fall_Discount,0,0.0
user_960,2023-01-10 15:00:00,Search,Summer_Promo,0,0.0
user_961,2023-02-24 18:00:00,Direct,Spring_Sale,0,0.0
user_961,2023-02-25 11:00:00,Social,Spring_Sale,0,0.0
user_961,2023-02-26 22:00:00,Search,Winter_Special,0,0.0
user_961,2023-02-27 05:00:00,Direct,Always_On,0,0.0
user_961,2023-02-28 13:00:00,Search,Winter_Special,0,0.0
user_961,2023-03-01 22:00:00,Email,Spring_Sale,0,0.0
user_962,2023-02-01 02:00:00,Direct,Fall_Discount,0,0.0
user_962,2023-02-02 07:00:00,Search,Winter_Special,0,0.0
user_962,2023-02-03 17:00:00,Display,Winter_Special,0,0.0
user_962,2023-02-04 09:00:00,Search,Always_On,0,0.0
user_962,2023-02-05 20:00:00,Display,Spring_Sale,0,0.0
user_962,2023-02-06 09:00:00,Display,Spring_Sale,0,0.0
user_963,2023-02-04 08:00:00,Search,Always_On,0,0.0
user_963,2023-02-05 00:00:00,Email,Winter_Special,0,0.0
user_964,2023-02-27 18:00:00,Email,Summer_Promo,0,0.0
user_964,2023-02-28 23:00:00,Direct,Summer_Promo,0,0.0
user_965,2023-01-31 06:00:00,Direct,Spring_Sale,0,0.0
user_965,2023-02-01 05:00:00,Search,Summer_Promo,0,0.0
user_966,2023-01-18 02:00:00,Search,Winter_Special,0,0.0
user_966,2023-01-19 18:00:00,Social,Summer_Promo,0,0.0
user_966,2023-01-20 09:00:00,Display,Winter_Special,0,0.0
user_966,2023-01-21 04:00:00,Direct,Fall_Discount,0,0.0
user_966,2023-01-22 12:00:00,Direct,Fall_Discount,0,0.0
user_966,2023-01-23 03:00:00,Direct,Winter_Special,0,0.0
user_967,2023-01-19 13:00:00,Direct,Always_On,0,0.0
user_967,2023-01-20 11:00:00,Display,Winter_Special,0,0.0
user_967,2023-01-21 22:00:00,Social,Spring_Sale,0,0.0
user_967,2023-01-22 08:00:00,Display,Winter_Special,0,0.0
user_967,2023-01-23 14:00:00,Direct,Spring_Sale,0,0.0
user_968,2023-01-18 11:00:00,Email,Always_On,0,0.0
user_968,2023-01-19 00:00:00,Search,Always_On,0,0.0
user_968,2023-01-20 13:00:00,Email,Summer_Promo,0,0.0
user_968,2023-01-21 11:00:00,Direct,Winter_Special,0,0.0
user_968,2023-01-22 02:00:00,Direct,Spring_Sale,0,0.0
user_968,2023-01-23 15:00:00,Social,Spring_Sale,0,0.0
user_968,2023-01-24 09:00:00,Social,Spring_Sale,0,0.0
user_968,2023-01-25 19:00:00,Social,Fall_Discount,0,0.0
user_968,2023-01-26 08:00:00,Search,Spring_Sale,0,0.0
user_969,2023-01-11 09:00:00,Search,Summer_Promo,0,0.0
user_969,2023-01-12 10:00:00,Email,Fall_Discount,0,0.0
user_969,2023-01-13 02:00:00,Direct,Fall_Discount,0,0.0
user_969,2023-01-14 05:00:00,Search,Fall_Discount,0,0.0
user_969,2023-01-15 11:00:00,Email,Summer_Promo,0,0.0
user_969,2023-01-16 15:00:00,Social,Fall_Discount,0,0.0
user_969,2023-01-17 21:00:00,Social,Fall_Discount,0,0.0
user_97,2023-01-19 06:00:00,Display,Winter_Special,0,0.0
user_97,2023-01-20 03:00:00,Social,Fall_Discount,0,0.0
user_97,2023-01-21 14:00:00,Social,Always_On,0,0.0
user_97,2023-01-22 00:00:00,Display,Summer_Promo,0,0.0
user_97,2023-01-23 14:00:00,Search,Always_On,0,0.0
user_97,2023-01-24 08:00:00,Email,Summer_Promo,0,0.0
user_97,2023-01-25 01:00:00,Direct,Spring_Sale,0,0.0
user_97,2023-01-26 02:00:00,Direct,Summer_Promo,0,0.0
user_970,2023-01-21 01:00:00,Email,Fall_Discount,1,190.81
user_971,2023-01-18 05:00:00,Email,Spring_Sale,1,138.36
user_972,2023-01-05 14:00:00,Display,Spring_Sale,0,0.0
user_972,2023-01-06 16:00:00,Display,Winter_Special,0,0.0
user_972,2023-01-07 10:00:00,Social,Summer_Promo,0,0.0
user_972,2023-01-08 13:00:00,Email,Spring_Sale,0,0.0
user_972,2023-01-09 16:00:00,Search,Winter_Special,0,0.0
user_972,2023-01-10 09:00:00,Display,Summer_Promo,0,0.0
user_972,2023-01-11 17:00:00,Email,Summer_Promo,0,0.0
user_972,2023-01-12 01:00:00,Direct,Summer_Promo,0,0.0
user_973,2023-02-16 20:00:00,Direct,Fall_Discount,0,0.0
user_973,2023-02-17 14:00:00,Email,Summer_Promo,1,118.52
user_974,2023-01-11 18:00:00,Search,Fall_Discount,0,0.0
user_974,2023-01-12 03:00:00,Email,Winter_Special,0,0.0
user_974,2023-01-13 23:00:00,Search,Summer_Promo,0,0.0
user_974,2023-01-14 11:00:00,Display,Fall_Discount,0,0.0
user_975,2023-01-20 00:00:00,Social,Summer_Promo,0,0.0
user_975,2023-01-21 03:00:00,Search,Fall_Discount,0,0.0
user_975,2023-01-22 15:00:00,Direct,Summer_Promo,0,0.0
user_975,2023-01-23 14:00:00,Social,Spring_Sale,0,0.0
user_975,2023-01-24 23:00:00,Search,Fall_Discount,0,0.0
user_976,2023-01-17 19:00:00,Social,Spring_Sale,0,0.0
user_976,2023-01-18 02:00:00,Search,Always_On,0,0.0
user_976,2023-01-19 16:00:00,Social,Fall_Discount,0,0.0
user_977,2023-01-10 01:00:00,Search,Fall_Discount,1,154.43
user_978,2023-01-22 20:00:00,Email,Winter_Special,1,141.24
user_979,2023-01-12 21:00:00,Search,Spring_Sale,0,0.0
user_979,2023-01-13 09:00:00,Search,Fall_Discount,0,0.0
user_979,2023-01-14 23:00:00,Search,Summer_Promo,0,0.0
user_979,2023-01-15 03:00:00,Direct,Winter_Special,0,0.0
user_98,2023-02-10 06:00:00,Search,Fall_Discount,0,0.0
user_98,2023-02-11 05:00:00,Email,Winter_Special,0,0.0
user_98,2023-02-12 07:00:00,Direct,Winter_Special,0,0.0
user_98,2023-02-13 08:00:00,Display,Fall_Discount,0,0.0
user_98,2023-02-14 06:00:00,Email,Spring_Sale,1,127.86
user_980,2023-01-05 12:00:00,Direct,Winter_Special,0,0.0
user_980,2023-01-06 20:00:00,Display,Spring_Sale,0,0.0
user_980,2023-01-07 14:00:00,Direct,Fall_Discount,0,0.0
user_980,2023-01-08 22:00:00,Search,Always_On,0,0.0
user_981,2023-01-20 11:00:00,Direct,Always_On,0,0.0
user_981,2023-01-21 02:00:00,Search,Fall_Discount,0,0.0
user_981,2023-01-22 16:00:00,Social,Spring_Sale,0,0.0
user_982,2023-01-02 23:00:00,Social,Spring_Sale,0,0.0
user_983,2023-01-19 08:00:00,Social,Always_On,0,0.0
user_983,2023-01-20 08:00:00,Display,Fall_Discount,0,0.0
user_984,2023-02-17 03:00:00,Search,Winter_Special,0,0.0
user_984,2023-02-18 06:00:00,Display,Summer_Promo,0,0.0
user_984,2023-02-19 21:00:00,Email,Winter_Special,0,0.0
user_984,2023-02-20 07:00:00,Social,Winter_Special,0,0.0
user_984,2023-02-21 16:00:00,Direct,Winter_Special,0,0.0
user_984,2023-02-22 19:00:00,Display,Spring_Sale,0,0.0
user_984,2023-02-23 01:00:00,Search,Always_On,0,0.0
user_984,2023-02-24 04:00:00,Search,Always_On,1,125.04
user_985,2023-01-05 23:00:00,Direct,Always_On,0,0.0
user_985,2023-01-06 09:00:00,Display,Spring_Sale,0,0.0
user_985,2023-01-07 19:00:00,Display,Summer_Promo,0,0.0
user_985,2023-01-08 15:00:00,Direct,Spring_Sale,0,0.0
user_985,2023-01-09 00:00:00,Search,Winter_Special,0,0.0
user_986,2023-01-20 03:00:00,Direct,Winter_Special,0,0.0
user_986,2023-01-21 05:00:00,Display,Fall_Discount,0,0.0
user_986,2023-01-22 00:00:00,Direct,Winter_Special,0,0.0
user_986,2023-01-23 18:00:00,Direct,Always_On,0,0.0
user_986,2023-01-24 04:00:00,Direct,Always_On,0,0.0
user_986,2023-01-25 02:00:00,Search,Summer_Promo,0,0.0
user_986,2023-01-26 11:00:00,Email,Always_On,0,0.0
user_987,2023-01-17 00:00:00,Search,Always_On,0,0.0
user_987,2023-01-18 08:00:00,Direct,Winter_Special,0,0.0
user_987,2023-01-19 15:00:00,Display,Fall_Discount,0,0.0
user_988,2023-02-11 05:00:00,Social,Summer_Promo,0,0.0
user_988,2023-02-12 13:00:00,Display,Always_On,0,0.0
user_988,2023-02-13 20:00:00,Direct,Winter_Special,0,0.0
user_989,2023-01-03 21:00:00,Social,Summer_Promo,0,0.0
user_989,2023-01-04 12:00:00,Display,Summer_Promo,0,0.0
user_989,2023-01-05 20:00:00,Social,Summer_Promo,0,0.0
user_989,2023-01-06 01:00:00,Display,Spring_Sale,0,0.0
user_989,2023-01-07 15:00:00,Email,Summer_Promo,1,190.04
user_99,2023-03-01 20:00:00,Direct,Winter_Special,0,0.0
user_99,2023-03-02 21:00:00,Social,Fall_Discount,0,0.0
user_990,2023-02-11 19:00:00,Direct,Always_On,0,0.0
user_990,2023-02-12 04:00:00,Search,Spring_Sale,0,0.0
user_990,2023-02-13 12:00:00,Direct,Spring_Sale,0,0.0
user_990,2023-02-14 13:00:00,Direct,Always_On,0,0.0
user_990,2023-02-15 17:00:00,Search,Always_On,0,0.0
user_990,2023-02-16 09:00:00,Display,Summer_Promo,1,135.9
user_991,2023-02-26 03:00:00,Direct,Fall_Discount,1,50.05
user_992,2023-01-14 01:00:00,Direct,Always_On,0,0.0
user_992,2023-01-15 19:00:00,Email,Summer_Promo,0,0.0
user_993,2023-02-15 22:00:00,Search,Summer_Promo,0,0.0
user_993,2023-02-16 08:00:00,Search,Spring_Sale,0,0.0
user_993,2023-02-17 05:00:00,Direct,Always_On,0,0.0
user_994,2023-02-25 17:00:00,Search,Fall_Discount,0,0.0
user_994,2023-02-26 15:00:00,Email,Fall_Discount,0,0.0
user_994,2023-02-27 15:00:00,Social,Winter_Special,0,0.0
user_994,2023-02-28 05:00:00,Display,Summer_Promo,0,0.0
user_994,2023-03-01 08:00:00,Social,Fall_Discount,0,0.0
user_994,2023-03-02 06:00:00,Display,Always_On,0,0.0
user_994,2023-03-03 10:00:00,Email,Fall_Discount,0,0.0
user_994,2023-03-04 13:00:00,Display,Summer_Promo,0,0.0
user_995,2023-01-16 07:00:00,Social,Spring_Sale,0,0.0
user_995,2023-01-17 09:00:00,Email,Always_On,0,0.0
user_995,2023-01-18 00:00:00,Display,Spring_Sale,0,0.0
user_995,2023-01-19 17:00:00,Social,Summer_Promo,0,0.0
user_995,2023-01-20 02:00:00,Search,Summer_Promo,0,0.0
user_995,2023-01-21 14:00:00,Display,Fall_Discount,0,0.0
user_995,2023-01-22 10:00:00,Social,Summer_Promo,0,0.0
user_995,2023-01-23 23:00:00,Email,Fall_Discount,1,166.77
user_996,2023-01-09 13:00:00,Display,Summer_Promo,0,0.0
user_996,2023-01-10 04:00:00,Direct,Always_On,0,0.0
user_996,2023-01-11 17:00:00,Direct,Always_On,0,0.0
user_996,2023-01-12 18:00:00,Social,Fall_Discount,0,0.0
user_997,2023-01-03 14:00:00,Display,Always_On,0,0.0
user_997,2023-01-04 20:00:00,Search,Spring_Sale,0,0.0
user_997,2023-01-05 18:00:00,Social,Fall_Discount,0,0.0
user_997,2023-01-06 22:00:00,Display,Summer_Promo,0,0.0
user_998,2023-02-05 19:00:00,Search,Winter_Special,0,0.0
user_998,2023-02-06 15:00:00,Search,Spring_Sale,0,0.0
user_998,2023-02-07 05:00:00,Search,Spring_Sale,0,0.0
user_998,2023-02-08 07:00:00,Display,Winter_Special,0,0.0
user_998,2023-02-09 01:00:00,Search,Always_On,0,0.0
user_998,2023-02-10 23:00:00,Email,Spring_Sale,0,0.0
user_998,2023-02-11 10:00:00,Social,Fall_Discount,0,0.0
user_998,2023-02-12 13:00:00,Social,Spring_Sale,0,0.0
user_999,2023-01-17 14:00:00,Direct,Fall_Discount,0,0.0
user_999,2023-01-18 10:00:00,Social,Spring_Sale,0,0.0
